date,replication,slippage,nq_filter,placebo_qqq925,buy_hold
2016-01-04,24749.298999999995,24702.438999999995,24702.438999999995,24702.438999999995,25000.0
2016-01-05,25205.439999999995,25143.010999999995,24702.438999999995,24702.438999999995,24922.4311005658
2016-01-06,25860.403,25777.196999999996,25325.761,25325.761,24701.13159335645
2016-01-07,25664.025999999994,25522.982999999993,25325.761,25325.761,23927.72403723307
2016-01-08,25407.021999999994,25238.711999999992,25325.761,25325.761,23729.238912210258
2016-01-11,25260.854000000003,25035.73,25122.146000000008,25325.761,23809.089249863115
2016-01-12,25007.793000000005,24743.135,25122.146000000008,25325.761,24085.143274320133
2016-01-13,24865.4,24546.271999999994,25122.146000000008,25325.761,23247.855448074468
2016-01-14,24616.080000000005,24245.392999999996,24814.316000000013,25015.614,23740.646103303523
2016-01-15,24369.736000000004,23977.454999999998,24814.316000000013,25015.614,23006.022996897245
2016-01-19,25234.096000000005,24810.889,25677.011000000013,25885.372000000003,23053.933199488958
2016-01-20,24981.496000000003,24527.099,25383.120000000014,25885.372000000003,22990.052929366673
2016-01-21,24772.816999999995,24263.95799999999,25110.765000000007,25607.596999999994,23015.148749771855
2016-01-22,24772.816999999995,24263.95799999999,25110.765000000007,25607.596999999994,23672.20295674393
2016-01-25,24647.45,24084.799999999996,24925.49500000001,25418.698,23329.987223945976
2016-01-26,24400.204999999998,23796.903999999995,24925.49500000001,25418.698,23537.598101843403
2016-01-27,24247.094,23591.816,24710.68300000001,25199.687000000005,22946.705603212264
2016-01-28,25669.645,24956.932999999997,26140.87600000001,26657.981000000007,23263.825515605036
2016-01-29,26875.839000000004,26109.995,27348.172000000013,27888.85700000001,23754.33473261544
2016-02-01,26625.439999999995,25806.28599999999,27348.172000000013,27888.85700000001,23813.65212630042
2016-02-02,28471.214000000007,27574.612,27348.172000000013,27888.85700000001,23307.172841759446
2016-02-03,30909.90500000001,29914.858000000004,29670.986000000015,30257.430000000015,23193.100930826793
2016-02-04,30600.152000000002,29567.790999999997,29327.00600000001,29906.394000000008,23188.538054389486
2016-02-05,32332.155000000002,31227.675999999996,30973.396000000008,31587.871000000006,22387.753239642272
2016-02-08,32007.612,30839.236999999997,30973.396000000008,31587.871000000006,22043.256068625662
2016-02-09,33025.527,31797.374999999996,31935.729000000007,32568.662000000008,21972.53148384742
2016-02-10,32694.621,31433.257999999994,31935.729000000007,32568.662000000008,22063.78901259354
2016-02-11,32367.083,31073.469999999994,31570.169000000005,32195.887000000006,22040.97463040701
2016-02-12,32042.32699999999,30697.548999999988,31188.281,31806.277,22362.657419237086
2016-02-16,31963.758999999987,30548.234999999986,31188.281,31806.277,22846.32232159153
2016-02-17,31760.25499999999,30281.26699999999,31188.281,31806.277,23380.178864756344
2016-02-18,32575.97899999999,31043.74699999999,31974.058999999997,32607.939999999995,23120.094907829895
2016-02-19,32249.28199999999,30676.20699999999,31595.571,32221.631999999998,23190.81949260814
2016-02-22,33090.21499999999,31451.76199999999,31595.571,32221.631999999998,23560.412484029934
2016-02-23,32921.486999999994,31217.977999999996,31360.641000000007,31982.118000000002,23179.412301514876
2016-02-24,32591.289999999997,30842.537999999997,31360.641000000007,31982.118000000002,23396.148932286913
2016-02-25,32437.982999999993,30625.518999999993,31360.641000000007,31982.118000000002,23622.011315933563
2016-02-26,32275.019,30401.093999999997,31130.868000000013,31747.76100000001,23590.071180872423
2016-02-29,32061.44,30129.437999999995,30852.74400000001,31747.76100000001,23393.86749406826
2016-03-01,31874.35100000001,29883.834000000006,30852.74400000001,31747.76100000001,24133.053476911846
2016-03-02,31764.605000000007,29713.053000000004,30852.74400000001,31747.76100000001,24139.897791567804
2016-03-03,31655.223,29543.178,30852.74400000001,31566.259000000005,24096.5504654134
2016-03-04,31338.17000000001,29207.962000000007,30852.74400000001,31566.259000000005,24107.957656506664
2016-03-07,31241.536999999993,29051.310999999994,30687.209999999995,31396.91799999999,23961.945610512867
2016-03-08,30988.337,28748.875,30367.701000000005,31070.091999999997,23756.616170834095
2016-03-09,30773.49000000001,28483.534000000007,30087.418000000012,30783.302000000007,23914.035407921154
2016-03-10,30465.261000000002,28153.225,30087.418000000012,30783.302000000007,23882.09527286001
2016-03-11,30233.709,27875.259999999995,29790.40000000001,30783.302000000007,24292.75415221756
2016-03-14,30756.050999999992,28336.20999999999,29790.40000000001,31292.103,24329.257163716007
2016-03-15,30546.634000000002,28079.303999999996,29520.239000000016,31292.103,24324.6942872787
2016-03-16,31807.186999999994,29217.64899999999,30716.85000000001,31292.103,24543.712356269392
2016-03-17,31510.002999999993,28879.59199999999,30716.85000000001,30929.788,24523.179412301517
2016-03-18,31285.959999999995,28609.766999999993,30716.85000000001,30929.788,24500.365030114986
2016-03-21,31063.445,28342.200999999994,30716.85000000001,30640.636000000002,24589.341120642453
2016-03-22,31964.748,29143.704999999994,30716.85000000001,30640.636000000002,24660.065705420697
2016-03-23,31880.61299999999,29002.224999999988,30567.641,30491.819999999992,24461.580580397884
2016-03-24,31795.768,28859.827999999994,30567.641,30342.087,24468.424895053842
2016-03-28,32043.22399999999,29063.002999999986,30782.911999999993,30555.656999999992,24438.766198211353
2016-03-29,32043.22399999999,29063.002999999986,30782.911999999993,30555.656999999992,24822.047818945062
2016-03-30,31983.502999999993,28945.12099999999,30658.036999999997,30555.656999999992,24952.089797408287
2016-03-31,31842.05399999999,28753.622999999985,30455.13599999999,30353.47999999999,24911.023909472533
2016-04-01,31735.310999999987,28593.71399999998,30455.13599999999,30353.47999999999,25175.670742836286
2016-04-04,31630.56999999998,28437.12699999998,30288.431999999986,30187.228999999985,25070.724584778243
2016-04-05,31490.209999999977,28248.524999999972,30288.431999999986,30187.228999999985,24844.862201131593
2016-04-06,33160.90699999998,29726.110999999975,30288.431999999986,30187.228999999985,25248.67676583318
2016-04-07,32967.06299999998,29487.65199999998,30288.431999999986,29945.012999999988,24874.520897974082
2016-04-08,32761.52099999998,29239.32699999998,30033.176999999985,29692.760999999988,24867.676583318123
2016-04-11,32432.828999999983,28887.71299999998,29671.815999999988,29335.73199999999,24778.700492790656
2016-04-12,32107.85599999998,28547.263999999977,29671.815999999988,29335.73199999999,24984.029932469428
2016-04-13,31955.24099999997,28349.57899999997,29466.299999999977,29132.50799999998,25305.712721299507
2016-04-14,31958.399999999972,28346.15799999997,29466.299999999977,29132.50799999998,25305.712721299507
2016-04-15,31807.35699999996,28150.76499999996,29466.299999999977,29132.50799999998,25241.832451177223
2016-04-18,32785.404999999955,28996.344999999954,29466.299999999977,30007.102999999974,25371.874429640447
2016-04-19,33284.99499999995,29422.18999999995,29899.021999999975,30447.759999999973,25216.73663077204
2016-04-20,33030.73999999996,29133.574999999957,29605.52899999998,30149.11799999998,25237.269574739916
2016-04-21,32898.20599999996,28953.51199999996,29605.52899999998,30149.11799999998,25237.269574739916
2016-04-22,32568.590999999957,28625.802999999953,29605.52899999998,30149.11799999998,24860.832268662165
2016-04-25,32280.113999999947,28309.150999999943,29605.52899999998,30149.11799999998,24860.832268662165
2016-04-26,32018.44999999995,28017.472999999944,29605.52899999998,29838.33199999998,24746.760357729512
2016-04-27,31697.635999999955,27688.672999999948,29605.52899999998,29838.33199999998,24545.993794488044
2016-04-28,31519.757999999947,27471.553999999942,29373.428999999975,29604.332999999973,24253.969702500457
2016-04-29,31257.87299999995,27181.280999999944,29373.428999999975,29604.332999999973,24119.36484759993
2016-05-02,30944.531999999952,26854.214999999946,29373.428999999975,29604.332999999973,24345.22723124658
2016-05-03,30675.185999999947,26559.72299999994,29051.29199999997,29279.86799999997,24121.64628581858
2016-05-04,30429.370999999956,26286.283999999945,29051.29199999997,28978.515999999978,23964.22704873152
2016-05-05,30278.065999999963,26095.85699999995,28840.809999999972,28768.415999999983,23961.945610512867
2016-05-06,30068.829999999954,25855.579999999944,28840.809999999972,28768.415999999983,24089.706150757436
2016-05-09,30135.85399999994,25893.68299999993,28840.809999999972,28768.415999999983,24149.023544442418
2016-05-10,30021.420999999948,25736.868999999937,28666.124999999978,28594.21399999999,24486.676400803066
2016-05-11,30021.420999999948,25736.868999999937,28666.124999999978,28594.21399999999,24267.658331812374
2016-05-12,30695.29599999996,26295.603999999945,28666.124999999978,28594.21399999999,24160.430735535683
2016-05-13,30474.117999999962,26046.611999999946,28666.124999999978,28594.21399999999,24071.454645008213
2016-05-16,31694.085999999967,27070.026999999947,28666.124999999978,28594.21399999999,24368.04161343311
2016-05-17,31432.20099999997,26785.654999999948,28364.89299999998,28293.82499999999,24064.610330352254
2016-05-18,31299.77799999997,26611.74799999995,28180.89699999998,28110.17099999999,24149.023544442418
2016-05-19,31108.831999999955,26388.979999999938,28180.89699999998,28110.17099999999,24025.82588063515
2016-05-20,31800.90699999994,26956.27299999993,28180.89699999998,28110.17099999999,24288.191275780253
2016-05-23,31525.554999999935,26662.362999999925,27873.600999999973,27803.74799999999,24251.688264281802
2016-05-24,33160.40799999994,28025.886999999926,29298.729999999974,27803.74799999999,24742.197481292205
2016-05-25,33098.28999999994,27911.66799999993,29298.729999999974,27690.41699999999,24924.71253878445
2016-05-26,32927.67999999994,27706.64799999993,29298.729999999974,27690.41699999999,24990.87424712539
2016-05-27,33406.47999999995,28089.437999999933,29298.729999999974,28072.827999999998,25123.197663807263
2016-05-31,33320.42799999996,27955.94899999994,29298.729999999974,27939.470000000005,25177.952181054938
2016-06-01,33234.51799999995,27822.85299999993,29298.729999999974,27939.470000000005,25173.38930461763
2016-06-02,33136.75099999995,27680.30199999993,29148.705999999976,27939.470000000005,25228.143821865306
2016-06-03,33411.779999999955,27889.928999999935,29148.705999999976,27939.470000000005,25109.509034495346
2016-06-06,33325.727999999945,27757.356999999927,29010.107999999967,27806.636,25196.20368680416
2016-06-07,33276.281999999934,27655.95299999992,29010.107999999967,27806.636,25139.167731337835
2016-06-08,33214.82699999994,27544.730999999923,28893.44699999997,27694.859,25177.952181054938
2016-06-09,33092.81899999993,27383.408999999916,28724.23599999996,27532.731999999993,25136.886293119183
2016-06-10,32970.507999999936,27222.086999999923,28724.23599999996,27532.731999999993,24851.70651578755
2016-06-13,32714.142999999927,26950.273999999914,28724.23599999996,27257.937999999984,24646.37707610878
2016-06-14,32386.52599999992,26640.02099999991,28393.237999999958,26943.99699999998,24646.37707610878
2016-06-15,32169.86899999993,26402.63599999992,28393.237999999958,26943.99699999998,24575.652491330537
2016-06-16,32012.537999999935,26214.500999999924,28190.777999999962,26752.041999999987,24646.37707610878
2016-06-17,32670.296999999937,26738.009999999926,28190.777999999962,26752.041999999987,24301.87990509217
2016-06-20,32596.364999999932,26617.977999999923,28064.21199999996,26632.009999999984,24447.891951085963
2016-06-21,32388.94199999993,26389.05699999992,27822.81699999996,26632.009999999984,24516.335097645555
2016-06-22,32339.57799999994,26289.97599999993,27822.81699999996,26632.009999999984,24468.424895053842
2016-06-23,32074.81999999994,26016.28199999993,27822.81699999996,26354.662999999986,24812.922066070452
2016-06-24,31754.068999999945,25733.219999999932,27822.81699999996,26354.662999999986,23806.80781164446
2016-06-27,33152.76099999995,26846.624999999935,27822.81699999996,26354.662999999986,23336.831538601935
2016-06-28,34394.049999999945,27830.737999999932,28842.99199999996,27320.744999999984,23831.903632049645
2016-06-29,35435.94599999996,28652.582999999944,29694.43899999997,28127.009999999995,24249.40682606315
2016-06-30,35221.81599999996,28415.007999999947,29448.244999999974,27893.855,24548.2752327067
2016-07-01,35769.867999999966,28836.351999999948,29448.244999999974,27893.855,24650.939952546087
2016-07-05,35848.39699999995,28878.198999999935,29448.244999999974,27893.855,24509.490782989596
2016-07-06,35488.876999999964,28534.536999999942,29097.72499999998,27562.004000000004,24707.975908012413
2016-07-07,35265.37999999996,28291.75599999994,28850.09299999998,27562.004000000004,24780.981931009308
2016-07-08,34979.626999999964,28000.358999999942,28850.09299999998,27562.004000000004,25164.26355174302
2016-07-11,34990.97599999997,27989.259999999947,28850.09299999998,27562.004000000004,25307.99415951816
2016-07-12,34851.892999999975,27817.917999999947,28850.09299999998,27562.004000000004,25440.317576200036
2016-07-13,34502.328999999976,27479.304999999946,28498.86299999998,27562.004000000004,25376.43730607775
2016-07-14,34439.49699999998,27370.41399999995,28385.864999999983,27452.780000000006,25542.982296039423
2016-07-15,34439.49699999998,27370.41399999995,28385.864999999983,27452.780000000006,25504.19784632232
2016-07-18,34327.47599999998,27222.735999999946,28232.59999999998,27304.649,25673.024274502648
2016-07-19,34118.513999999996,26998.896999999957,28232.59999999998,27304.649,25579.48530753787
2016-07-20,33935.653000000006,26796.758999999965,28021.17799999999,27100.19000000001,25880.635152400075
2016-07-21,33814.85700000001,26644.774999999972,28021.17799999999,27100.19000000001,25821.317758715093
2016-07-22,33514.66100000001,26351.812999999973,27712.976999999988,27100.19000000001,25928.545354991787
2016-07-25,33430.881000000016,26230.37599999998,27712.976999999988,27100.19000000001,25933.108231429094
2016-07-26,33335.625000000015,26100.37399999998,27712.976999999988,27100.19000000001,25962.766928271583
2016-07-27,33183.27200000002,25926.563999999984,27528.470999999994,26919.695000000014,26138.437671107866
2016-07-28,33066.516000000025,25781.18099999999,27528.470999999994,26768.838000000018,26231.97663807264
2016-07-29,32939.19900000002,25628.30699999999,27528.470999999994,26610.15000000002,26291.29403175762
2016-08-01,32812.32600000002,25476.28799999999,27365.165999999994,26452.31700000002,26425.89888665815
2016-08-02,32777.172000000035,25396.208000000002,27365.165999999994,26452.31700000002,26227.413761635336
2016-08-03,32673.34100000003,25262.724,27365.165999999994,26452.31700000002,26314.108413944152
2016-08-04,32570.238000000027,25130.447999999997,27365.165999999994,26452.31700000002,26389.395875159702
2016-08-05,33027.90900000002,25466.154999999995,27365.165999999994,26452.31700000002,26642.63551743019
2016-08-08,32970.228000000025,25369.362999999998,27365.165999999994,26452.31700000002,26612.976820587697
2016-08-09,33025.50000000002,25394.534999999996,27365.165999999994,26452.31700000002,26672.29421427268
2016-08-10,33385.65100000001,25654.066999999992,27645.029999999988,26722.613000000016,26606.13250593174
2016-08-11,33145.322,25416.941999999985,27645.029999999988,26475.46100000001,26720.20441686439
2016-08-12,33382.119000000006,25581.18299999999,27645.029999999988,26475.46100000001,26738.455922613615
2016-08-15,33699.34199999999,25806.77199999998,27645.029999999988,26475.46100000001,26854.80927176492
2016-08-16,34031.113999999994,26043.222999999984,27898.427999999993,26475.46100000001,26704.23434933382
2016-08-17,33808.981,25819.832999999984,27658.973999999995,26248.30600000001,26745.300237269574
2016-08-18,33611.989000000016,25616.552999999996,27441.141000000007,26041.792000000023,26761.270304800146
2016-08-19,33415.51000000002,25414.196999999996,27224.463000000007,26041.792000000023,26749.86311370688
2016-08-22,33220.05700000003,25213.458000000006,27224.463000000007,25836.202000000034,26768.114619456104
2016-08-23,33151.249000000025,25109.882000000005,27224.463000000007,25836.202000000034,26820.587698485124
2016-08-24,32992.342000000026,24938.228000000003,27224.463000000007,25836.202000000034,26638.072640992883
2016-08-25,32787.26900000004,24731.932000000008,27224.463000000007,25622.43500000004,26594.725314838473
2016-08-26,32561.747000000032,24511.126000000004,27224.463000000007,25393.53800000004,26635.791202774228
2016-08-29,33006.23300000004,24829.107000000007,27224.463000000007,25393.53800000004,26676.857090709986
2016-08-30,32675.329000000034,24532.307000000004,27224.463000000007,25393.53800000004,26594.725314838473
2016-08-31,32516.986000000034,24362.864000000005,27036.528000000006,25218.26600000004,26562.785179777333
2016-09-01,32281.93200000004,24136.57900000001,27036.528000000006,25218.26600000004,26633.509764555576
2016-09-02,32148.711000000036,23987.616000000005,27036.528000000006,25218.26600000004,26715.641540427085
2016-09-06,31950.154000000042,23790.237000000012,27036.528000000006,25218.26600000004,26886.749406826064
2016-09-07,31905.75100000005,23708.83100000002,26943.911000000015,25131.911000000047,26905.000912575288
2016-09-08,32176.16500000005,23893.63400000002,26943.911000000015,25131.911000000047,26745.300237269574
2016-09-09,32042.339000000047,23745.033000000018,26943.911000000015,25131.911000000047,26072.27596276693
2016-09-12,33195.46700000005,24591.25400000002,26943.911000000015,25131.911000000047,26533.126482934844
2016-09-13,33010.96100000003,24403.62500000001,26738.381000000005,24940.08300000004,26300.41978463223
2016-09-14,33076.13600000003,24439.61500000001,26738.381000000005,24940.08300000004,26432.743201314108
2016-09-15,34728.03400000003,25643.521000000008,28056.170000000006,26169.132000000038,26843.402080671654
2016-09-16,34454.29900000002,25388.896000000004,27777.683,25909.269000000033,26761.270304800146
2016-09-19,34359.448000000026,25267.213000000007,27777.683,25909.269000000033,26642.63551743019
2016-09-20,34182.47600000002,25085.331000000002,27777.683,25722.745000000028,26692.827158240554
2016-09-21,34064.912000000026,24947.837000000007,27777.683,25722.745000000028,26955.192553385656
2016-09-22,34292.96600000003,25098.01800000001,27777.683,25877.58000000003,27169.64774593904
2016-09-23,34926.512000000024,25544.49400000001,28271.768999999997,26337.810000000027,26991.695564884103
2016-09-26,34770.88400000003,25378.515000000014,28088.218,26337.810000000027,26768.114619456104
2016-09-27,36120.59900000003,26345.331000000013,28088.218,27341.55300000003,27037.324329257164
2016-09-28,36034.12100000002,26229.003000000008,27964.160999999993,27341.55300000003,27082.953093630225
2016-09-29,35923.46500000003,26095.368000000017,27964.160999999993,27341.55300000003,26882.186530388757
2016-09-30,35643.26200000003,25838.997000000014,27689.456999999988,27341.55300000003,27078.39021719292
2016-10-03,35643.26200000003,25838.997000000014,27689.456999999988,27341.55300000003,27048.73152035043
2016-10-04,35486.32400000004,25673.209000000017,27689.456999999988,27341.55300000003,27007.665632414675
2016-10-05,35963.129000000044,26001.044000000024,28043.06399999999,27690.612000000034,27103.4860375981
2016-10-06,35731.44600000005,25780.917000000027,28043.06399999999,27690.612000000034,27089.797408286184
2016-10-07,35995.25400000005,25954.59600000003,28043.06399999999,27690.612000000034,27028.19857638255
2016-10-10,36066.526000000034,25988.56500000002,28079.76299999998,27726.843000000023,27197.025004562878
2016-10-11,38368.114000000045,27628.932000000026,28079.76299999998,27726.843000000023,26802.3361927359
2016-10-12,37983.82900000005,27311.94900000003,28079.76299999998,27726.843000000023,26788.647563423983
2016-10-13,38633.527000000046,27760.29300000003,28541.03999999998,28182.37200000002,26697.39003467786
2016-10-14,38500.914000000055,27608.470000000038,28541.03999999998,28182.37200000002,26724.7672933017
2016-10-17,38368.099000000046,27456.64700000003,28541.03999999998,28182.37200000002,26649.47983208615
2016-10-18,38145.970000000045,27241.81700000003,28317.89399999998,28182.37200000002,26889.030845044716
2016-10-19,38145.970000000045,27241.81700000003,28317.89399999998,28182.37200000002,26882.186530388757
2016-10-20,37989.15400000004,27074.392000000025,28317.89399999998,28182.37200000002,26854.80927176492
2016-10-21,37716.75300000005,26825.07200000003,28057.191999999985,27922.754000000026,26957.473991604307
2016-10-24,37563.44600000004,26661.991000000024,28057.191999999985,27752.97600000002,27276.87534221573
2016-10-25,37373.63900000003,26473.779000000017,27859.06299999998,27556.957000000017,27185.617813469613
2016-10-26,37220.81600000003,26311.96500000001,27688.741999999977,27388.44600000001,27009.947070633327
2016-10-27,38596.764000000025,27266.880000000005,28693.290999999972,28382.205000000005,26891.31228326337
2016-10-28,38209.772000000026,26948.183000000005,28693.290999999972,28382.205000000005,26708.797225771126
2016-10-31,38039.34100000003,26772.84500000001,28506.683999999976,28197.50800000001,26685.982843584596
2016-11-01,39337.04200000003,27667.65100000001,29459.250999999975,28197.50800000001,26492.06059499909
2016-11-02,39172.84500000002,27494.977000000006,29275.35499999997,28021.576000000005,26273.042526008398
2016-11-03,38780.04000000001,27164.300999999996,29275.35499999997,28021.576000000005,26022.08432195656
2016-11-04,38553.88900000001,26993.299999999996,29275.35499999997,28021.576000000005,25923.98247855448
2016-11-07,38338.793,26786.664999999986,29275.35499999997,28021.576000000005,26544.53367402811
2016-11-08,38179.07299999999,26619.78299999998,29092.906999999967,27847.092,26724.7672933017
2016-11-09,38824.99399999999,27061.928999999986,29576.26999999997,28310.471000000005,26834.276327797044
2016-11-10,38481.518000000004,26767.571999999993,29254.62799999998,28002.632000000012,26398.521628034312
2016-11-11,38096.249,26467.436999999994,29254.62799999998,28002.632000000012,26425.89888665815
2016-11-14,38874.16400000001,26995.722,29838.747999999985,28561.84100000002,26152.126300419786
2016-11-15,38657.29700000001,26789.087000000003,29838.747999999985,28561.84100000002,26519.437853622923
2016-11-16,39975.634000000005,27684.443,30835.84899999998,29516.306000000015,26674.57565249133
2016-11-17,41069.994999999995,28424.739999999994,31659.874999999975,29516.306000000015,26868.49790107684
2016-11-18,40762.58399999998,28154.13699999998,31659.874999999975,29516.306000000015,26765.833181237453
2016-11-21,41909.91999999998,28927.54099999998,31659.874999999975,29516.306000000015,27048.73152035043
2016-11-22,41683.39299999998,28712.949999999983,31424.95199999998,29297.29500000002,27126.30041978463
2016-11-23,41538.87099999996,28595.44299999997,31424.95199999998,29297.29500000002,27019.07282350794
2016-11-25,41285.10899999995,28362.877999999964,31424.95199999998,29058.946000000014,27103.4860375981
2016-11-28,41130.707999999955,28199.401999999965,31243.86299999998,28891.537000000015,27044.168643913123
2016-11-29,41004.58199999995,28055.95199999996,31243.86299999998,28744.46300000001,27139.98904909655
2016-11-30,40672.00199999994,27771.807999999954,30927.51199999997,28453.396,26797.773316298593
2016-12-01,42666.60999999995,29116.56699999996,32425.774999999972,29831.734000000004,26355.174301879906
2016-12-02,42239.12799999995,28778.760999999962,32425.774999999972,29485.549000000006,26393.95875159701
2016-12-05,41815.88599999996,28450.281999999967,32425.774999999972,29485.549000000006,26601.569629494436
2016-12-06,41398.59199999995,28108.05699999996,32035.813999999966,29130.688,26663.168461398065
2016-12-07,41099.393999999964,27847.083999999966,31738.526999999973,28860.230000000003,27007.665632414675
2016-12-08,41014.72599999996,27733.343999999965,31608.81499999997,28742.255,27055.575835006388
2016-12-09,41550.37899999996,28076.882999999965,31608.81499999997,28742.255,27263.186712903815
2016-12-12,41339.43199999997,27877.698999999975,31384.52199999998,28742.255,27142.270487315203
2016-12-13,42707.21899999998,28781.775999999983,32401.971999999987,29674.433000000008,27486.767658331813
2016-12-14,42338.42599999999,28476.183999999994,32057.859999999997,29359.211000000018,27416.04307355357
2016-12-15,41914.191000000006,28146.954000000005,32057.859999999997,29359.211000000018,27473.079029019893
2016-12-16,41662.42,27921.86,31801.43599999999,29359.211000000018,27288.282533308997
2016-12-19,41521.82800000001,27771.647000000004,31630.453999999998,29201.270000000022,27397.791567804343
2016-12-20,41341.31000000001,27595.736000000008,31630.453999999998,29201.270000000022,27505.019164081037
2016-12-21,41107.04000000001,27384.371000000006,31630.453999999998,29201.270000000022,27477.6419054572
2016-12-22,41324.393000000025,27510.861000000015,31776.682000000008,29336.239000000034,27400.073006022998
2016-12-23,41116.617000000035,27317.585000000025,31553.444000000018,29130.092000000044,27425.16882642818
2016-12-27,41510.813000000024,27561.299000000017,31553.444000000018,29130.092000000044,27571.180872421974
2016-12-28,41372.443000000014,27414.950000000008,31553.444000000018,28975.371000000036,27354.444241649937
2016-12-29,41123.025,27194.917,31553.444000000018,28975.371000000036,27308.815477276876
2016-12-30,42701.75099999999,28221.177999999993,32743.410000000007,30068.243000000028,27037.324329257164
2017-01-03,42357.121,27936.732999999997,32743.410000000007,29765.13600000003,27267.74958934112
2017-01-04,42487.153000000006,28009.218000000004,32743.410000000007,29765.13600000003,27422.88738820953
2017-01-05,43115.983000000015,28405.635000000013,33206.99400000001,30186.576000000037,27575.74374885928
2017-01-06,42772.07600000002,28122.695000000018,32876.19500000002,29885.877000000044,27813.013323599196
2017-01-09,42490.67600000002,27882.575000000015,32876.19500000002,29885.877000000044,27908.833728782625
2017-01-10,42350.48800000003,27736.06500000002,32876.19500000002,29885.877000000044,27970.43256068626
2017-01-11,42169.577000000034,27563.401000000023,32876.19500000002,29885.877000000044,28043.438583683153
2017-01-12,41975.27900000003,27382.501000000022,32660.32100000002,29689.701000000045,28000.091257528748
2017-01-13,42192.31400000003,27506.211000000018,32660.32100000002,29689.701000000045,28098.19310093083
2017-01-17,42039.80000000003,27352.995000000017,32478.377000000022,29524.344000000045,28016.06132505932
2017-01-18,41778.32100000003,27129.605000000018,32478.377000000022,29283.133000000045,28073.097280525642
2017-01-19,41600.816000000035,26961.716000000022,32478.377000000022,29283.133000000045,28052.564336557767
2017-01-20,41276.671000000024,26699.545000000013,32162.327000000012,28998.086000000036,28118.726044898704
2017-01-23,40900.69300000004,26404.239000000023,31806.664000000026,28677.54600000005,28139.258988866583
2017-01-24,40714.29100000004,26232.786000000022,31600.036000000026,28491.21900000005,28328.618361014785
2017-01-25,40608.74800000004,26114.346000000023,31600.036000000026,28491.21900000005,28613.798138346414
2017-01-26,40375.077000000056,25914.316000000028,31357.831000000035,28491.21900000005,28638.893958751596
2017-01-27,40296.753000000055,25847.572000000026,31357.831000000035,28491.21900000005,28700.49279065523
2017-01-30,40668.985000000066,26069.766000000032,31627.369000000042,28736.009000000053,28479.193283445886
2017-01-31,40458.558000000055,25884.568000000025,31402.61200000003,28736.009000000053,28426.720204416866
2017-02-01,40264.07000000005,25710.70400000002,31402.61200000003,28736.009000000053,28616.079576565066
2017-02-02,39902.14200000005,25430.40200000002,31059.90700000003,28422.630000000052,28590.983756159883
2017-02-03,39786.481000000065,25308.09200000003,30910.417000000038,28285.97500000006,28673.115532031392
2017-02-06,39696.45300000005,25202.506000000023,30910.417000000038,28285.97500000006,28705.055667092536
2017-02-07,39959.58400000006,25353.51700000003,31095.637000000046,28455.508000000067,28810.001825150575
2017-02-08,39882.29700000006,25256.233000000026,30976.331000000046,28346.366000000064,28864.756342398246
2017-02-09,40195.539000000055,25438.746000000025,30976.331000000046,28551.092000000062,28967.421062237634
2017-02-10,40080.606000000065,25318.097000000034,30976.331000000046,28551.092000000062,29056.397152765105
2017-02-13,40443.012000000075,25531.14500000004,30976.331000000046,28551.092000000062,29222.942142726777
2017-02-14,40340.70900000006,25418.76800000003,30839.984000000033,28551.092000000062,29323.32542434751
2017-02-15,41318.354000000065,26019.13700000003,31567.865000000034,29225.084000000064,29496.71472896514
2017-02-16,41100.15800000005,25833.64400000002,31567.865000000034,29225.084000000064,29487.588976090527
2017-02-17,40933.395000000055,25680.844000000023,31567.865000000034,29225.084000000064,29617.63095455375
2017-02-21,41410.17700000005,25964.09500000002,31567.865000000034,29225.084000000064,29763.643000547545
2017-02-22,41320.00700000002,25859.819000000003,31441.057000000015,29107.708000000046,29770.487315203503
2017-02-23,42014.492,26278.78699999999,31950.484,29579.04700000003,29663.259718926816
2017-02-24,41896.373999999996,26156.17499999999,31950.484,29579.04700000003,29718.014236174484
2017-02-27,41727.384000000005,26002.41999999999,31762.731000000003,29405.237000000037,29756.798685891587
2017-02-28,42174.104,26264.632999999987,32083.176999999996,29405.237000000037,29658.696842489506
2017-03-01,41927.714,26063.079999999987,32083.176999999996,29179.58800000004,29991.78682241285
2017-03-02,42564.937,26443.405999999988,32551.159999999996,29605.419000000038,29836.649023544443
2017-03-03,42433.435000000005,26313.156999999992,32551.159999999996,29605.419000000038,29893.68497901077
2017-03-06,42341.20599999998,26207.570999999974,32551.159999999996,29605.419000000038,29825.241832451175
2017-03-07,42093.66999999998,26006.268999999975,32551.159999999996,29605.419000000038,29775.05019164081
2017-03-08,41989.179999999964,25893.891999999963,32551.159999999996,29477.53200000003,29825.241832451175
2017-03-09,41704.973999999966,25671.058999999965,32271.002999999997,29223.78900000003,29850.33765285636
2017-03-10,41538.73499999997,25521.88799999997,32271.002999999997,29223.78900000003,29973.535316663627
2017-03-13,41373.150999999976,25373.671999999973,32083.441000000003,29223.78900000003,30021.44551925534
2017-03-14,41271.09099999999,25264.678999999986,32083.441000000003,29223.78900000003,29948.439496258445
2017-03-15,41068.87499999996,25094.950999999965,31867.744999999977,29027.320000000007,30137.798868406644
2017-03-16,41068.87499999996,25094.950999999965,31867.744999999977,29027.320000000007,30121.828800876072
2017-03-17,40918.10899999996,24957.209999999963,31867.744999999977,29027.320000000007,30030.57127212995
2017-03-20,40817.42599999998,24850.331999999973,31867.744999999977,29027.320000000007,30069.355721847056
2017-03-21,40692.89299999998,24729.420999999977,31712.701999999983,28886.12300000001,29617.63095455375
2017-03-22,40378.891999999985,24493.060999999976,31409.476999999984,28609.95500000001,29813.834641357913
2017-03-23,40266.23399999998,24379.659999999974,31264.06399999998,28477.528000000006,29747.67293301697
2017-03-24,40117.40400000001,24244.81499999999,31091.209000000003,28320.058000000026,29802.427450264648
2017-03-27,39757.72799999998,23982.617999999977,31091.209000000003,28320.058000000026,29852.619091075016
2017-03-28,39501.57399999997,23784.24599999997,31091.209000000003,28320.058000000026,30035.134148567256
2017-03-29,39416.44499999998,23689.663999999975,30967.54500000001,28320.058000000026,30172.02044168644
2017-03-30,39416.44499999998,23689.663999999975,30967.54500000001,28320.058000000026,30219.930644278153
2017-03-31,39319.893,23588.707999999988,30835.569000000025,28199.36200000004,30197.116262091626
2017-04-03,39093.558,23410.24699999999,30835.569000000025,28199.36200000004,30178.8647563424
2017-04-04,38914.77399999999,23260.647999999983,30638.49500000002,28199.36200000004,30229.056397152766
2017-04-05,38831.491,23168.81699999999,30638.49500000002,28199.36200000004,30108.140171564155
2017-04-06,38700.955000000016,23048.946,30479.807000000033,28053.328000000052,30126.391677313382
2017-04-07,38523.83200000001,22901.667999999994,30479.807000000033,28053.328000000052,30105.8587333455
2017-04-10,38278.017000000036,22714.13600000001,30230.21600000005,28053.328000000052,30124.110239094727
2017-04-11,37952.33800000003,22479.52800000001,30230.21600000005,28053.328000000052,29998.63113706881
2017-04-12,37766.22200000004,22328.364000000012,30230.21600000005,28053.328000000052,29870.87059682424
2017-04-13,37591.96800000003,22184.462000000007,30035.252000000048,27872.501000000047,29745.39149479832
2017-04-17,38187.780000000006,22522.284999999996,30035.252000000048,27872.501000000047,29996.34969885015
2017-04-18,37872.606999999996,22295.21899999999,29732.38700000004,27872.501000000047,29953.002372695748
2017-04-19,37756.659,22186.543999999994,29587.326000000045,27736.456000000053,29998.63113706881
2017-04-20,37549.956999999995,22024.83299999999,29371.631000000038,27534.25700000005,30242.745026464683
2017-04-21,37299.564,21838.248999999993,29122.665000000037,27534.25700000005,30238.182150027376
2017-04-24,37131.34999999999,21700.67699999999,28939.306000000033,27534.25700000005,30605.493703230517
2017-04-25,37736.896999999975,22041.352999999977,28939.306000000033,27534.25700000005,30829.074648658516
2017-04-26,37401.58299999996,21806.70299999997,28631.012000000024,27534.25700000005,30785.727322504106
2017-04-27,37289.87699999997,21702.85799999997,28494.64500000003,27534.25700000005,30965.960941777692
2017-04-28,37584.162999999986,21861.470999999976,28494.64500000003,27534.25700000005,31020.71545902537
2017-05-01,38309.72199999998,22270.430999999975,28494.64500000003,27534.25700000005,31289.92516882643
2017-05-02,38219.40699999996,22179.062999999966,28377.61500000002,27421.17500000004,31356.086877167367
2017-05-03,38229.44199999998,22171.945999999978,28377.61500000002,27421.17500000004,31251.140719109324
2017-05-04,37960.24499999997,21977.19899999997,28377.61500000002,27421.17500000004,31264.829348421245
2017-05-05,37870.73999999999,21886.95899999998,28261.149000000034,27421.17500000004,31378.901259353897
2017-05-08,37715.63999999998,21759.32399999997,28096.128000000022,27261.17900000003,31447.34440591349
2017-05-09,37922.02799999998,21865.79399999997,28096.128000000022,27261.17900000003,31556.853440408835
2017-05-10,37767.49199999999,21738.761999999977,28096.128000000022,27102.79100000004,31570.542069720752
2017-05-11,37700.75799999999,21662.652999999977,28096.128000000022,27102.79100000004,31550.009125752877
2017-05-12,37568.98899999998,21549.527999999973,27949.337000000018,26961.249000000036,31623.015148749775
2017-05-15,37881.97599999997,21716.57699999997,27949.337000000018,26961.249000000036,31721.116992151852
2017-05-16,37728.567999999956,21591.35399999996,27949.337000000018,26961.249000000036,31855.721847052384
2017-05-17,37542.51999999997,21447.440999999966,27763.151000000027,26781.531000000046,31045.811279430556
2017-05-18,38325.645999999964,21884.884999999966,28329.255000000026,27328.336000000047,31315.020989231612
2017-05-19,38424.613999999965,21928.699999999968,28329.255000000026,27328.336000000047,31449.62584413214
2017-05-22,39078.403999999966,22288.87699999997,28329.255000000026,27777.27700000005,31714.272677495894
2017-05-23,39200.70199999998,22345.83699999998,28329.255000000026,27777.27700000005,31743.93137433838
2017-05-24,39064.697999999975,22229.996999999978,28329.255000000026,27777.27700000005,31892.22485855083
2017-05-25,38840.582999999984,22064.522999999986,28118.367000000035,27570.565000000057,32161.434568351888
2017-05-26,38652.140999999996,21919.916999999994,28118.367000000035,27570.565000000057,32216.189085599563
2017-05-30,38727.62700000002,21950.297000000006,28118.367000000035,27570.565000000057,32243.566344223404
2017-05-31,39818.535000000025,22556.298000000006,28894.714000000036,28332.227000000057,32223.03340025552
2017-06-01,39738.731,22472.85099999999,28787.818000000017,28332.227000000057,32371.326884467966
2017-06-02,39514.415000000015,22308.16,28787.818000000017,28332.227000000057,32729.512684796497
2017-06-05,39292.71200000003,22145.818000000007,28787.818000000017,28332.227000000057,32718.10549370323
2017-06-06,39203.85500000002,22058.68,28787.818000000017,28332.227000000057,32592.626391677317
2017-06-07,39082.421,21953.514999999992,28787.818000000017,28332.227000000057,32718.10549370323
2017-06-08,39135.732999999986,21971.233999999982,28811.047000000002,28355.108000000044,32756.889943420338
2017-06-09,38982.18399999997,21848.422999999973,28811.047000000002,28355.108000000044,31937.853622923893
2017-06-12,38868.76099999998,21747.153999999977,28677.41700000001,28223.571000000047,31769.02719474357
2017-06-13,38645.851999999955,21585.333999999966,28463.918999999994,28013.466000000033,32019.9853987954
2017-06-14,40840.75399999996,22798.460999999967,28463.918999999994,28013.466000000033,31883.099105676218
2017-06-15,40603.37299999997,22626.461999999974,28249.116000000005,27802.05600000004,31739.368497901076
2017-06-16,40730.464999999975,22685.366999999977,28249.116000000005,27874.425000000043,31534.039058222304
2017-06-19,40553.94599999997,22548.005999999972,28249.116000000005,27874.425000000043,32045.081219200583
2017-06-20,40205.387999999984,22315.882999999983,27958.15000000002,27587.069000000058,31794.123015148754
2017-06-21,40112.157,22225.924999999992,27958.15000000002,27587.069000000058,32108.961489322868
2017-06-22,39894.608,22067.543999999994,27958.15000000002,27390.53600000006,32095.27286001095
2017-06-23,39666.47300000001,21903.636000000002,27750.39400000003,27187.217000000066,32220.751962036866
2017-06-26,39342.00800000002,21687.420000000006,27750.39400000003,27187.217000000066,32072.458477824424
2017-06-27,38947.63500000002,21434.854000000003,27750.39400000003,27187.217000000066,31488.410293849247
2017-06-28,38947.63500000002,21434.854000000003,27750.39400000003,27187.217000000066,31942.4164993612
2017-06-29,40281.58800000002,22158.544,27750.39400000003,27187.217000000066,31388.027012228515
2017-06-30,40011.78000000003,21971.72200000001,27750.39400000003,27187.217000000066,31362.931191823325
2017-07-03,39987.48300000005,21920.287000000022,27750.39400000003,27187.217000000066,31025.278335462677
2017-07-05,39658.99400000005,21701.70600000002,27750.39400000003,27187.217000000066,31372.05694469794
2017-07-06,39261.73800000006,21450.950000000026,27750.39400000003,27187.217000000066,31093.72148202227
2017-07-07,40097.17200000005,21894.78400000002,28324.684000000023,27749.454000000056,31419.96714728965
2017-07-10,39695.217000000055,21640.768000000025,27996.139000000025,27427.52400000006,31632.140901624385
2017-07-11,39613.85100000003,21558.89300000001,27996.139000000025,27427.52400000006,31718.8355539332
2017-07-12,39613.85100000003,21558.89300000001,27996.139000000025,27427.52400000006,32104.398612885565
2017-07-13,39365.44700000003,21386.921000000013,27773.025000000027,27427.52400000006,32172.84175944516
2017-07-14,39130.81500000005,21223.237000000026,27560.290000000045,27217.499000000076,32426.08140171564
2017-07-17,38986.715000000055,21109.40100000003,27560.290000000045,27217.499000000076,32432.925716371603
2017-07-18,38596.05200000005,20863.73100000003,27560.290000000045,27217.499000000076,32656.506661799594
2017-07-19,38455.35800000005,20752.76000000003,27560.290000000045,27217.499000000076,32848.14747216645
2017-07-20,38528.91200000008,20780.935000000045,27597.72600000006,27254.445000000094,32891.494798320855
2017-07-21,38431.36000000007,20693.657000000043,27597.72600000006,27254.445000000094,32875.52473079029
2017-07-24,38259.73400000008,20566.803000000044,27597.72600000006,27254.445000000094,33019.255338565425
2017-07-25,38036.074000000066,20412.60400000004,27390.682000000055,27049.840000000087,32941.68643913123
2017-07-26,37929.923000000075,20321.800000000043,27268.96600000006,27049.840000000087,33051.195473626576
2017-07-27,37772.88300000007,20204.27300000004,27268.96600000006,27049.840000000087,32857.27322504107
2017-07-28,37402.22700000004,19972.05800000003,27268.96600000006,27049.840000000087,32818.48877532397
2017-07-31,37235.43100000005,19849.84500000003,27102.111000000063,26884.31100000009,32667.913852892863
2017-08-01,37244.76400000004,19843.762000000024,27102.111000000063,26884.31100000009,32743.201314108417
2017-08-02,38893.333000000064,20710.633000000038,28286.36100000008,26884.31100000009,32841.30315751049
2017-08-03,39540.25300000009,21043.558000000052,28740.8760000001,26884.31100000009,32720.38693192188
2017-08-04,39329.962000000094,20896.472000000053,28740.8760000001,26884.31100000009,32768.297134513596
2017-08-07,39252.3590000001,20820.361000000055,28636.207000000104,26884.31100000009,32962.2193830991
2017-08-08,39120.71100000009,20715.924000000054,28492.4930000001,26749.466000000084,32923.43493338201
2017-08-09,38846.61900000009,20536.166000000052,28492.4930000001,26749.466000000084,32882.36904544625
2017-08-10,38639.7660000001,20392.34300000005,28292.948000000102,26749.466000000084,32172.84175944516
2017-08-11,38252.801000000094,20157.69400000005,28292.948000000102,26749.466000000084,32416.95564884103
2017-08-14,38774.07500000007,20421.27200000004,28662.98900000009,27098.87100000007,32834.45884285453
2017-08-15,38590.42100000008,20290.52600000005,28662.98900000009,27098.87100000007,32859.55466325972
2017-08-16,38482.452000000085,20200.044000000053,28535.155000000093,26978.121000000072,32916.59061872605
2017-08-17,38331.58200000007,20087.082000000046,28375.56100000008,26827.37100000006,32243.566344223404
2017-08-18,38059.498000000065,19910.434000000045,28125.82800000008,26591.322000000062,32216.189085599563
2017-08-21,37961.40000000006,19825.270000000044,28005.632000000078,26477.61900000006,32186.530388757077
2017-08-22,39264.51100000006,20494.31200000004,28005.632000000078,26477.61900000006,32672.47672933017
2017-08-23,39065.04900000005,20355.737000000037,28005.632000000078,26477.61900000006,32553.84194196021
2017-08-24,38943.837000000065,20258.438000000046,28005.632000000078,26477.61900000006,32460.302974995437
2017-08-25,38877.286000000066,20189.831000000046,27910.768000000076,26387.95800000006,32389.578390217193
2017-08-28,38613.87300000006,20019.16400000004,27674.48300000007,26164.616000000053,32483.117357181967
2017-08-29,39625.065000000046,20535.277000000035,28389.10100000006,26164.616000000053,32620.003650301147
2017-08-30,39413.62800000005,20391.203000000038,28190.058000000063,25981.135000000053,33003.28527103486
2017-08-31,40313.09300000006,20845.052000000043,28190.058000000063,25981.135000000053,33320.40518342764
2017-09-01,40124.993000000075,20713.613000000052,28190.058000000063,25981.135000000053,33308.99799233437
2017-09-05,40024.71100000007,20627.69400000005,28190.058000000063,25981.135000000053,33005.56670925351
2017-09-06,39659.287000000055,20405.215000000044,27886.251000000055,25701.179000000044,33108.2314290929
2017-09-07,39407.03500000007,20241.67300000005,27886.251000000055,25701.179000000044,33185.800328527104
2017-09-08,40480.10000000008,20781.406000000054,27886.251000000055,25701.179000000044,32905.18342763278
2017-09-11,40868.537000000106,20969.265000000065,27886.251000000055,25701.179000000044,33270.21354261727
2017-09-12,40711.04000000009,20854.092000000055,27733.089000000044,25560.077000000034,33356.90819492608
2017-09-13,40587.16400000007,20756.45100000005,27733.089000000044,25560.077000000034,33402.53695929914
2017-09-14,40251.85000000006,20551.04200000004,27458.368000000035,25560.077000000034,33208.614710713635
2017-09-15,40151.204000000056,20465.87800000004,27344.514000000032,25454.07500000003,33313.56086877168
2017-09-18,40017.98300000008,20364.337000000054,27208.94500000005,25327.73700000005,33206.33327249499
2017-09-19,40017.98300000008,20364.337000000054,27208.94500000005,25327.73700000005,33263.36922796131
2017-09-20,39786.09400000007,20212.84800000005,27006.508000000045,25139.392000000043,33162.98594634058
2017-09-21,40497.398000000074,20563.201000000052,27474.484000000048,25575.289000000048,32955.37506844314
2017-09-22,40114.79600000007,20334.63100000005,27474.484000000048,25575.289000000048,32925.716371600654
2017-09-25,39867.93900000007,20175.58500000005,27474.484000000048,25575.289000000048,32581.219200584048
2017-09-26,39600.42900000006,20006.724000000046,27244.21900000004,25360.977000000043,32665.63241467421
2017-09-27,39357.55000000003,19850.76900000003,27031.78300000002,25163.434000000023,32964.50082131776
2017-09-28,39160.07900000003,19718.219000000026,26851.274000000016,25163.434000000023,32946.24931556854
2017-09-29,38921.17800000003,19565.35500000003,26851.274000000016,25163.434000000023,33183.51889030845
2017-10-02,38781.401000000034,19462.979000000032,26710.69800000002,25031.644000000026,33215.45902536959
2017-10-03,38695.21700000002,19387.685000000027,26710.69800000002,25031.644000000026,33290.746486585136
2017-10-04,38556.09500000002,19286.07300000003,26570.69500000002,24900.42700000003,33315.84230699033
2017-10-05,38169.75500000003,19064.70300000003,26570.69500000002,24900.42700000003,33642.08797225771
2017-10-06,38760.37700000002,19349.08500000003,26967.073000000015,24900.42700000003,33678.59098375616
2017-10-09,38664.91800000002,19270.112000000026,26856.994000000013,24900.42700000003,33646.65084869501
2017-10-10,38622.073000000026,19217.59200000003,26856.994000000013,24900.42700000003,33676.309545537515
2017-10-11,38432.56600000005,19092.031000000043,26681.546000000028,24900.42700000003,33776.692827158244
2017-10-12,38275.677000000076,18983.155000000053,26529.415000000045,24758.424000000043,33712.81255703596
2017-10-13,38171.44500000008,18900.723000000056,26529.415000000045,24758.424000000043,33842.85453549918
2017-10-16,38037.039000000055,18803.695000000043,26529.415000000045,24758.424000000043,33959.20788465048
2017-10-17,37974.69700000005,18742.590000000044,26529.415000000045,24758.424000000043,34002.555210804894
2017-10-18,38258.71900000003,18872.60800000003,26713.564000000024,24930.400000000023,33961.48932286914
2017-10-19,37937.145000000026,18683.398000000027,26445.702000000023,24680.346000000023,33840.57309728053
2017-10-20,37874.986000000026,18622.777000000024,26445.702000000023,24680.346000000023,33922.70487315203
2017-10-23,39094.36900000001,19212.277000000016,27282.792000000016,25460.844000000016,33705.96824238
2017-10-24,38987.61200000002,19128.71800000002,27164.13500000002,25350.07600000002,33769.848512502285
2017-10-25,38765.218000000015,18988.611000000015,26965.221000000016,25350.07600000002,33630.68078116445
2017-10-26,38396.31699999999,18777.357000000004,26664.78,25350.07600000002,33532.57893776236
2017-10-27,38396.31699999999,18777.357000000004,26664.78,25350.07600000002,34502.190180689904
2017-10-30,38091.102999999974,18598.301,26664.78,25350.07600000002,34582.040518342765
2017-10-31,37879.469999999965,18465.781999999996,26474.537999999993,25169.319000000014,34709.80105858733
2017-11-01,37719.918999999965,18359.038999999997,26321.384999999995,25023.901000000016,34698.393867494065
2017-11-02,37470.42499999997,18208.514999999996,26105.550999999996,24818.952000000016,34634.513597371784
2017-11-03,37233.28099999996,18064.63699999999,25899.36599999999,24623.00100000001,34963.04070085782
2017-11-06,37542.71099999998,18205.167,25899.36599999999,24623.00100000001,35081.67548822778
2017-11-07,37327.23599999998,18072.254,25710.252999999993,24443.16100000001,35104.48987041431
2017-11-08,37200.16599999999,17982.675000000003,25582.664999999997,24321.876000000015,35248.220478189454
2017-11-09,37082.79599999999,17897.786,25582.664999999997,24321.876000000015,35061.1425442599
2017-11-10,36985.12899999999,17822.760000000002,25582.664999999997,24321.876000000015,35056.579667822596
2017-11-13,37553.513999999996,18087.345000000005,25582.664999999997,24321.876000000015,35104.48987041431
2017-11-14,37464.424999999996,18016.224000000002,25582.664999999997,24321.876000000015,34976.72933016974
2017-11-15,37237.58299999998,17878.871999999992,25387.403999999984,24136.218000000004,34807.902901989415
2017-11-16,38050.57399999998,18259.706999999995,25387.403999999984,24136.218000000004,35257.34623106406
2017-11-17,37941.34999999996,18178.994999999988,25387.403999999984,24029.513999999996,35120.459937944885
2017-11-20,37891.114999999954,18126.60299999998,25314.254999999976,23960.24999999999,35093.08267932104
2017-11-21,38663.54599999997,18486.49499999999,25314.254999999976,23960.24999999999,35474.082861836105
2017-11-22,38493.91399999998,18377.000999999997,25314.254999999976,23818.184999999998,35519.711626209166
2017-11-24,38404.00599999998,18305.879999999994,25314.254999999976,23725.923999999995,35622.37634604854
2017-11-27,38294.89299999997,18225.851999999988,25314.254999999976,23725.923999999995,35633.78353714181
2017-11-28,38294.89299999997,18225.851999999988,25314.254999999976,23725.923999999995,35729.603942325244
2017-11-29,40370.62599999998,19203.646999999994,26672.422999999984,25000.281000000006,35106.77130863296
2017-11-30,39973.24299999999,18984.910999999996,26672.422999999984,25000.281000000006,35396.5139624019
2017-12-01,39573.038,18776.23,26672.422999999984,25000.281000000006,35250.5019164081
2017-12-04,42150.089,19988.077,26672.422999999984,26616.07700000001,34844.40591348786
2017-12-05,42057.645000000004,19939.758,26672.422999999984,26616.07700000001,34855.81310458113
2017-12-06,42658.67000000001,20217.245000000006,26672.422999999984,26616.07700000001,35013.23234166819
2017-12-07,43101.56000000002,20416.59900000001,26672.422999999984,26616.07700000001,35143.27432013141
2017-12-08,42767.751000000004,20227.074000000004,26672.422999999984,26616.07700000001,35296.13068078116
2017-12-11,43660.07800000001,20638.143000000004,26672.422999999984,26616.07700000001,35567.621828800875
2017-12-12,43445.96699999998,20505.11299999999,26672.422999999984,26444.64399999999,35519.711626209166
2017-12-13,43178.45699999997,20347.388999999985,26672.422999999984,26444.64399999999,35588.15477276876
2017-12-14,42901.352999999974,20185.668999999983,26672.422999999984,26444.64399999999,35560.77751414492
2017-12-15,42713.76599999996,20066.472999999976,26672.422999999984,26444.64399999999,35957.74776419055
2017-12-18,42529.256999999976,19949.35599999998,26516.728999999992,26290.336,36179.0472713999
2017-12-19,43151.10299999999,20231.09199999999,26891.259000000002,26661.512000000006,35982.84358459573
2017-12-20,43804.61199999998,20526.96099999999,27284.979,27051.758,35944.05913487863
2017-12-21,43614.97299999996,20406.84099999998,27284.979,26893.52299999999,35946.34057309728
2017-12-22,43514.05399999996,20328.471999999976,27180.184999999998,26790.238999999987,35902.993246942875
2017-12-26,43279.42199999995,20187.82299999997,27180.184999999998,26790.238999999987,35715.91531301333
2017-12-27,43212.01699999994,20125.50799999997,27180.184999999998,26790.238999999987,35720.47818945063
2017-12-28,43442.12599999992,20222.275999999958,27310.972999999984,26790.238999999987,35759.26263916773
2017-12-29,44439.116999999926,20675.83999999996,27923.635999999988,27391.47499999999,35533.40025552108
2018-01-02,44040.02999999993,20458.420999999962,27923.635999999988,27391.47499999999,36153.95145099471
2018-01-03,45246.641999999934,21007.886999999962,28674.07399999999,28128.015999999992,36507.57437488593
2018-01-04,44975.275999999925,20850.76499999996,28674.07399999999,28128.015999999992,36573.73608322687
2018-01-05,44605.21799999994,20648.226999999966,28674.07399999999,28128.015999999992,36931.92188355539
2018-01-08,45088.11799999994,20861.497999999967,28970.30699999999,28418.801999999992,37073.371053111885
2018-01-09,45088.11799999994,20861.497999999967,28970.30699999999,28418.801999999992,37093.90399707976
2018-01-10,44675.194999999934,20639.532999999963,28662.141999999985,28116.670999999988,37000.36503011498
2018-01-11,44575.09499999993,20562.82499999996,28555.686999999984,28012.178999999986,37255.88611060413
2018-01-12,45872.29399999993,21150.83199999996,29372.81799999998,28012.178999999986,37522.81438218653
2018-01-16,45440.238999999914,20921.27299999995,29053.50999999997,28012.178999999986,37413.30534769119
2018-01-17,44985.212999999894,20685.937999999944,28726.204999999958,27696.775999999976,37821.682788830076
2018-01-18,44712.375999999895,20530.748999999945,28726.204999999958,27696.775999999976,37830.80854170469
2018-01-19,44517.80099999989,20411.935999999943,28726.204999999958,27696.775999999976,37949.44332907465
2018-01-22,44441.759999999864,20347.614999999932,28726.204999999958,27696.775999999976,38353.25789377624
2018-01-23,45293.636999999864,20727.912999999935,29263.51399999996,28214.35999999998,38668.096367950355
2018-01-24,45111.35099999988,20615.18499999994,29104.354999999967,28060.975999999988,38433.10823142909
2018-01-25,44971.96699999985,20522.358999999928,29104.354999999967,28060.975999999988,38408.01241102391
2018-01-26,44726.41399999983,20381.22399999992,28904.146999999954,27868.042999999976,38980.653403905824
2018-01-29,44304.96299999982,20160.404999999915,28904.146999999954,27868.042999999976,38804.98266106954
2018-01-30,43861.56899999982,19939.079999999914,28904.146999999954,27868.042999999976,38496.98850155138
2018-01-31,43674.595999999816,19826.050999999912,28740.26699999995,27868.042999999976,38629.31191823325
2018-02-01,43237.47699999983,19604.68999999992,28419.55499999996,27557.207999999984,38321.31775871509
2018-02-02,42895.55399999985,19421.701999999925,28154.06599999997,27299.929999999993,37543.347326154406
2018-02-05,42466.77599999986,19214.47699999993,28154.06599999997,27299.929999999993,36080.94542799781
2018-02-06,43262.59699999986,19570.84099999993,28154.06599999997,27299.929999999993,37030.02372695747
2018-02-07,42829.093999999866,19348.39699999993,28154.06599999997,27299.929999999993,36550.92170104034
2018-02-08,47108.44999999986,21269.60599999993,30952.259999999966,30012.46499999999,35013.23234166819
2018-02-09,46660.28199999989,21034.710999999945,30952.259999999966,29680.59500000001,35620.094907829895
2018-02-12,46193.1579999999,20802.66899999995,30610.606999999975,29353.044000000016,36258.89760905275
2018-02-13,45759.82999999989,20575.96299999995,30277.01299999997,29033.242000000013,36420.87972257711
2018-02-14,47068.20499999989,21158.75499999995,31137.32499999997,29855.395000000015,37121.281255703594
2018-02-15,46597.17799999989,20925.69699999995,31137.32499999997,29855.395000000015,37794.30553020624
2018-02-16,46146.05299999988,20692.891999999945,31137.32499999997,29855.395000000015,37650.5749224311
2018-02-20,46524.828999999896,20854.48699999995,31137.32499999997,30088.810000000023,37698.48512502282
2018-02-21,46064.9199999999,20618.515999999952,30784.545999999973,30088.810000000023,37584.413214090164
2018-02-22,45603.48699999991,20387.831999999955,30440.23299999998,30088.810000000023,37611.790472714005
2018-02-23,45163.5899999999,20161.94199999995,30440.23299999998,30088.810000000023,38355.53933199489
2018-02-26,46368.2329999999,20689.82599999995,30440.23299999998,30088.810000000023,38864.300054754516
2018-02-27,45985.993999999875,20490.07999999994,30146.367999999962,30088.810000000023,38378.35371418142
2018-02-28,45713.156999999876,20339.55599999994,30146.367999999962,29867.689000000024,38122.832633692284
2018-03-01,45297.48599999985,20125.670999999926,30146.367999999962,29867.689000000024,37538.7844497171
2018-03-02,44844.38999999985,19905.971999999925,30146.367999999962,29541.340000000022,37867.31155320314
2018-03-05,44395.375999999866,19680.899999999932,29805.112999999976,29206.858000000037,38277.97043256069
2018-03-06,44120.803999999844,19531.313999999922,29805.112999999976,29206.858000000037,38446.796860741015
2018-03-07,43679.01199999984,19313.82599999992,29805.112999999976,28881.217000000037,38535.77295126848
2018-03-08,43297.25299999984,19117.720999999918,29805.112999999976,28881.217000000037,38747.946705603215
2018-03-09,43093.84099999985,19001.053999999924,29623.195999999985,28705.042000000045,39491.6955648841
2018-03-12,42904.17799999985,18891.115999999925,29452.01399999999,28539.131000000045,39667.36630772039
2018-03-13,42648.39799999983,18752.764999999916,29452.01399999999,28539.131000000045,39188.26428180325
2018-03-14,43215.65099999982,18993.628999999914,29452.01399999999,28539.131000000045,39170.01277605403
2018-03-15,42862.19399999983,18811.966999999917,29170.067999999992,28265.81600000005,39110.69538236905
2018-03-16,42701.67699999981,18715.389999999905,29020.229999999974,28120.619000000035,39024.00073006023
2018-03-19,44006.55999999981,19278.663999999906,29895.920999999977,28120.619000000035,38134.239824785545
2018-03-20,43627.148999999794,19085.0039999999,29895.920999999977,28120.619000000035,38246.03029749954
2018-03-21,43334.34699999979,18929.5079999999,29895.920999999977,27891.467000000033,38068.07811644461
2018-03-22,42900.402999999795,18714.0779999999,29555.741999999977,27574.334000000035,37112.15550282898
2018-03-23,42470.544999999795,18504.2639999999,29224.190999999977,27574.334000000035,36147.107136338745
2018-03-26,42045.15999999977,18291.842999999888,28888.83899999996,27257.82200000002,37511.40719109326
2018-03-27,46243.51399999977,20112.441999999886,28888.83899999996,27257.82200000002,36272.58623836467
2018-03-28,45780.31099999978,19885.76299999989,28888.83899999996,27257.82200000002,35882.46030297499
2018-03-29,45322.05799999978,19664.13799999989,28566.74399999996,26954.048000000017,36541.79594816572
2018-04-02,44867.99399999976,19442.868999999882,28244.848999999947,26954.048000000017,35501.460120459946
2018-04-03,44418.96399999977,19226.508999999885,27930.52599999995,26654.14900000002,35873.334550100386
2018-04-04,46032.27299999977,19920.552999999883,27930.52599999995,26654.14900000002,36443.69410476364
2018-04-05,45571.64299999977,19702.196999999884,27930.52599999995,26654.14900000002,36639.897791567804
2018-04-06,45115.82099999977,19491.36299999988,27930.52599999995,26654.14900000002,35745.574009855816
2018-04-09,44663.72099999977,19267.637999999883,27930.52599999995,26654.14900000002,35966.873517065156
2018-04-10,44216.33399999977,19055.41199999988,27622.60299999995,26360.548000000017,36756.25114071911
2018-04-11,43773.31299999976,18839.717999999877,27310.002999999942,26062.015000000014,36578.29895966418
2018-04-12,44563.54899999975,19170.111999999874,27310.002999999942,26062.015000000014,36988.95783902172
2018-04-13,44485.945999999756,19108.541999999878,27222.232999999946,25978.30600000002,36822.41284906005
2018-04-16,44243.95099999976,18976.471999999878,27033.962999999945,25798.46600000002,37082.49680598649
2018-04-17,44048.83299999975,18865.129999999874,26875.143999999942,25646.877000000015,37871.87442964045
2018-04-18,43835.77299999976,18746.63599999988,26875.143999999942,25646.877000000015,37963.13195838657
2018-04-19,43538.19399999976,18592.162999999877,26875.143999999942,25646.877000000015,37636.88629311918
2018-04-20,44827.23699999978,19136.310999999885,27660.224999999955,26395.900000000027,37048.27523270669
2018-04-23,44529.136999999806,18981.071999999895,27660.224999999955,26395.900000000027,36936.4847599927
2018-04-24,44155.4009999998,18793.804999999895,27387.143999999953,26135.651000000023,36160.79576565067
2018-04-25,43797.80699999981,18613.210999999897,27387.143999999953,26135.651000000023,36210.987406461034
2018-04-26,43415.216999999786,18422.91799999989,27107.25299999994,25868.501000000007,36952.454827523274
2018-04-27,44643.59399999978,18938.370999999886,27864.481999999934,26592.15,36984.39496258442
2018-04-30,44224.87499999978,18732.86499999989,27561.955999999936,26303.295000000006,36706.05949990874
2018-05-01,43893.77499999977,18564.638999999883,27561.955999999936,26303.295000000006,37118.99981748494
2018-05-02,43454.314999999755,18356.794999999875,27253.615999999925,26009.229999999996,36915.951816024826
2018-05-03,43019.00099999974,18146.597999999867,26941.927999999916,26009.229999999996,36909.10750136886
2018-05-04,46855.534999999734,19753.568999999865,26941.927999999916,26009.229999999996,37616.35334915131
2018-05-07,47125.36599999975,19857.81299999987,26941.927999999916,26009.229999999996,37906.09600292024
2018-05-08,46840.480999999745,19709.15499999987,26941.927999999916,26009.229999999996,37874.155867859095
2018-05-09,46501.85599999977,19538.401999999878,26708.360999999928,26009.229999999996,38305.34769118452
2018-05-10,46313.07199999978,19431.217999999884,26561.906999999937,25866.703000000005,38697.755064792844
2018-05-11,46104.30899999978,19316.259999999886,26561.906999999937,25866.703000000005,38656.68917685709
2018-05-14,45886.42499999979,19197.76599999989,26561.906999999937,25866.703000000005,38725.132323416685
2018-05-15,45909.36399999979,19200.73599999989,26561.906999999937,25866.703000000005,38303.06625296587
2018-05-16,45809.99199999979,19131.879999999892,26466.625999999935,25773.838000000003,38551.743018799054
2018-05-17,45558.8949999998,18999.765999999898,26283.877999999942,25596.03700000001,38398.8866581493
2018-05-18,45242.577999999776,18840.76299999989,26283.877999999942,25596.03700000001,38204.96440956379
2018-05-21,44789.67399999977,18629.82699999989,25989.35299999994,25596.03700000001,38423.982478554484
2018-05-22,44651.075999999775,18545.78699999989,25989.35299999994,25596.03700000001,38366.946523088154
2018-05-23,46467.30699999976,19291.262999999886,27033.690999999933,26623.585000000003,38693.19218835554
2018-05-24,46148.66199999977,19131.90899999989,26810.103999999938,26403.50800000001,38670.37780616901
2018-05-25,45686.39799999977,18920.14799999989,26810.103999999938,26403.50800000001,38722.85088519803
2018-05-29,45228.62499999979,18706.016999999898,26506.88199999995,26104.97500000002,38544.898704143096
2018-05-30,45110.2989999998,18630.605999999905,26400.00699999996,25999.81000000003,38820.95272860011
2018-05-31,44812.719999999805,18481.588999999905,26188.58699999996,25999.81000000003,38791.29403175762
2018-06-01,46549.6929999998,19189.636999999904,26188.58699999996,25999.81000000003,39411.84522723125
2018-06-04,47364.099999999795,19516.2749999999,26188.58699999996,25999.81000000003,39747.21664537324
2018-06-05,47157.0559999998,19404.0779999999,26188.58699999996,25999.81000000003,39886.38437671108
2018-06-06,47005.19899999982,19315.034999999905,26068.388999999966,25880.61700000004,40125.93538966965
2018-06-07,48085.83799999981,19750.1949999999,26655.85499999996,25880.61700000004,39808.815477276876
2018-06-08,48085.83799999981,19750.1949999999,26655.85499999996,25880.61700000004,39797.408286183614
2018-06-11,47787.46699999979,19600.582999999897,26655.85499999996,25684.33400000003,39900.073006023
2018-06-12,47524.77699999981,19466.035999999905,26655.85499999996,25684.33400000003,40114.52819857639
2018-06-13,47297.10799999983,19346.524999999914,26491.899999999972,25526.341000000044,40100.83956926446
2018-06-14,48055.02899999984,19647.61799999992,26904.610999999975,25923.894000000048,40518.34276327797
2018-06-15,47684.02099999984,19469.573999999917,26904.610999999975,25923.894000000048,40386.0193465961
2018-06-18,47206.41199999985,19248.82199999992,26904.610999999975,25923.894000000048,40267.384559226135
2018-06-19,46733.830999999846,19037.71199999992,26904.610999999975,25923.894000000048,40155.59408651214
2018-06-20,46521.57499999986,18925.481999999924,26904.610999999975,25923.894000000048,40438.49242562512
2018-06-21,48719.22799999985,19811.135999999922,26904.610999999975,25923.894000000048,40089.4323781712
2018-06-22,49478.71399999985,20111.483999999924,27312.850999999977,26317.554000000047,39957.10896148932
2018-06-25,49045.13599999985,19907.741999999926,27035.90299999998,26050.74900000005,39094.72531483848
2018-06-26,48554.217999999855,19690.07699999993,27035.90299999998,26050.74900000005,39256.70742836284
2018-06-27,48350.77399999988,19580.421999999937,27035.90299999998,26050.74900000005,38706.88081766746
2018-06-28,47928.20499999988,19381.730999999934,27035.90299999998,25786.54600000005,39055.940865121374
2018-06-29,47593.492999999864,19219.28099999993,27035.90299999998,25786.54600000005,39112.9768205877
2018-07-02,47491.66399999986,19151.02899999993,27035.90299999998,25786.54600000005,39425.53385654317
2018-07-03,50156.27699999986,20215.80699999993,27035.90299999998,27222.310000000052,38925.89888665815
2018-07-05,49945.41199999986,20102.77799999993,27035.90299999998,27222.310000000052,39450.62967694835
2018-07-06,49690.59899999986,19972.39399999993,26860.55899999998,27045.84200000005,40043.80361379814
2018-07-09,49374.75499999985,19818.26199999993,26653.57199999998,26837.150000000052,40422.522358094546
2018-07-10,48994.88099999985,19639.014999999927,26412.570999999974,26594.54500000005,40452.181054937035
2018-07-11,49010.65099999986,19638.68299999993,26412.123999999978,26594.095000000052,40246.85161525826
2018-07-12,51208.49599999987,20508.980999999934,27583.678999999982,27773.526000000056,40922.157327979556
2018-07-13,50967.95599999986,20385.40499999993,27583.678999999982,27773.526000000056,40970.06753057127
2018-07-16,50649.58299999986,20230.931999999928,27583.678999999982,27773.526000000056,40876.528563606495
2018-07-17,53478.05199999985,21349.942999999927,27583.678999999982,27773.526000000056,41136.612520532944
2018-07-18,53868.24599999983,21496.09999999992,27772.78699999997,27963.870000000046,41049.91786822413
2018-07-19,53339.486999999834,21256.62199999992,27772.78699999997,27652.248000000047,40858.277057857274
2018-07-20,52957.81799999984,21076.408999999923,27772.78699999997,27652.248000000047,40835.462675670744
2018-07-23,52743.151999999835,20962.65699999992,27772.78699999997,27652.248000000047,40951.81602482205
2018-07-24,53206.78999999984,21137.75499999992,27772.78699999997,27883.059000000052,41136.612520532944
2018-07-25,55750.09199999984,22138.80699999992,27772.78699999997,27883.059000000052,41709.25351341486
2018-07-26,55242.91799999984,21908.016999999923,27483.59299999997,27592.452000000056,41102.39094725315
2018-07-27,60247.79699999983,23882.25299999992,27483.59299999997,27592.452000000056,40532.03139258989
2018-07-30,61988.804999999826,24564.18199999992,27483.59299999997,27592.452000000056,39961.67183792663
2018-07-31,61368.389999999825,24300.26899999992,27188.32399999997,27592.452000000056,40189.81565979194
2018-08-01,60753.69199999981,24032.330999999915,27188.32399999997,27592.452000000056,40408.83372878262
2018-08-02,65180.341999999815,25772.636999999915,27188.32399999997,29590.219000000056,40956.378901259355
2018-08-03,64527.62499999979,25482.660999999905,26882.117999999962,29256.963000000043,41084.139441503925
2018-08-06,66088.16199999975,26087.71499999989,26882.117999999962,29256.963000000043,41332.816207337106
2018-08-07,65534.94999999976,25835.021999999895,26882.117999999962,28973.400000000045,41467.421062237634
2018-08-08,65157.80499999977,25652.3729999999,26882.117999999962,28973.400000000045,41503.92407373608
2018-08-09,64726.471999999754,25448.768999999895,26882.117999999962,28973.400000000045,41487.95400620551
2018-08-10,64224.19099999976,25217.7869999999,26637.983999999964,28973.400000000045,41179.95984668735
2018-08-13,63726.47299999973,24989.270999999884,26637.983999999964,28973.400000000045,41148.01971162621
2018-08-14,63401.224999999744,24828.63899999989,26466.87599999997,28787.16000000005,41401.2593538967
2018-08-15,63174.53699999975,24706.867999999893,26336.927999999974,28787.16000000005,40903.905822230336
2018-08-16,62823.38799999975,24536.750999999895,26155.614999999976,28787.16000000005,41024.82204781895
2018-08-17,62429.14499999975,24349.882999999892,25956.470999999976,28568.23800000005,41036.22923891221
2018-08-20,63023.73899999976,24570.742999999897,25956.470999999976,28568.23800000005,40997.444789195106
2018-08-21,62882.64199999977,24504.9189999999,25956.470999999976,28568.23800000005,41145.73827340756
2018-08-22,62252.91499999977,24228.2679999999,25956.470999999976,28568.23800000005,41300.87607227596
2018-08-23,61629.1819999998,23954.221999999914,25662.626999999986,28244.697000000062,41241.55867859098
2018-08-24,62876.26499999978,24427.994999999908,26170.56199999998,28244.697000000062,41631.68461398065
2018-08-27,62710.49499999978,24331.702999999907,26170.56199999998,28244.697000000062,42046.906369775505
2018-08-28,62397.25899999975,24178.636999999897,26005.85599999997,28244.697000000062,42113.06807811645
2018-08-29,64552.71099999974,25002.874999999894,26005.85599999997,28244.697000000062,42603.57729512685
2018-08-30,64274.52699999972,24862.978999999887,26005.85599999997,28244.697000000062,42514.60120459938
2018-08-31,63735.72899999974,24622.595999999892,26005.85599999997,28244.697000000062,42573.918598284356
2018-09-04,63309.65899999974,24426.33699999989,25798.466999999968,28019.500000000062,42405.092170104035
2018-09-05,65577.51199999973,25290.089999999887,26711.389999999967,29011.09500000006,41855.265559408654
2018-09-06,67891.06299999973,26171.13899999989,26711.389999999967,30021.663000000062,41481.10969154955
2018-09-07,68323.94599999972,26327.515999999887,26711.389999999967,30201.063000000056,41353.34915130498
2018-09-10,68263.9189999997,26295.352999999883,26678.729999999963,30164.14300000005,41458.29530936302
2018-09-11,67688.6089999997,26039.131999999885,26678.729999999963,30164.14300000005,41775.41522175579
2018-09-12,67688.6089999997,26039.131999999885,26678.729999999963,30164.14300000005,41656.78043438584
2018-09-13,68334.3779999997,26276.285999999884,26678.729999999963,30164.14300000005,42078.84650483665
2018-09-14,67873.7869999997,26065.18699999988,26464.29199999996,29921.50900000005,41976.181784997265
2018-09-17,71007.78799999971,27257.418999999885,26464.29199999996,29921.50900000005,41371.60065705421
2018-09-18,71230.51099999971,27337.806999999888,26464.29199999996,29921.50900000005,41709.25351341486
2018-09-19,70886.6349999997,27170.04999999989,26301.873999999963,29738.01600000005,41681.87625479102
2018-09-20,70177.03299999969,26874.390999999887,26301.873999999963,29738.01600000005,42124.47526920971
2018-09-21,70069.4679999997,26798.41099999989,26301.873999999963,29738.01600000005,41907.73863843767
2018-09-24,69368.34099999972,26505.4789999999,26014.629999999972,29413.08900000006,41941.960211717465
2018-09-25,68673.6969999997,26210.988999999892,25725.548999999963,29086.14500000005,42008.1219200584
2018-09-26,67985.89099999967,25918.065999999882,25725.548999999963,29086.14500000005,42026.37342580763
2018-09-27,69071.48199999964,26320.70599999987,26124.593999999954,29537.67700000004,42393.684979010766
2018-09-28,68727.52299999965,26155.708999999875,25960.76099999996,29352.310000000045,42382.277787917505
2018-10-01,68079.69399999965,25875.649999999878,25960.76099999996,29352.310000000045,42466.69100200767
2018-10-02,67873.41099999963,25763.89399999987,25848.602999999952,29225.479000000036,42377.7149114802
2018-10-03,67348.51699999964,25531.92299999988,25848.602999999952,29225.479000000036,42434.750866946524
2018-10-04,70186.97299999966,26598.65899999989,26926.833999999963,30446.248000000047,41624.84029932469
2018-10-05,69569.03199999966,26329.43499999989,26926.833999999963,30446.248000000047,41111.51670012776
2018-10-08,68872.30299999965,26033.547999999882,26624.33499999996,30104.07700000004,40858.277057857274
2018-10-09,68880.04299999964,26029.972999999878,26620.682999999957,30099.94100000004,40965.50465413397
2018-10-10,75764.79099999965,28621.539999999877,29272.518999999957,30099.94100000004,39181.41996714729
2018-10-11,75005.93199999962,28304.777999999867,29272.518999999957,30099.94100000004,38700.0365030115
2018-10-12,74255.26799999962,28002.796999999868,29272.518999999957,30099.94100000004,39770.03102755977
2018-10-15,73512.0209999996,27704.572999999862,29272.518999999957,29779.154000000035,39268.11461945611
2018-10-16,73003.63199999958,27474.976999999853,29272.518999999957,29779.154000000035,40411.11516700128
2018-10-17,73034.55899999957,27480.63899999985,29272.518999999957,29779.154000000035,40449.89961671838
2018-10-18,75276.46899999958,28317.803999999855,30162.16299999996,30686.291000000037,39546.45008213178
2018-10-19,74929.7439999996,28148.67599999986,30162.16299999996,30686.291000000037,39478.006935572186
2018-10-22,74179.50399999958,27834.354999999854,30162.16299999996,30686.291000000037,39678.77349881365
2018-10-23,73436.78799999958,27529.26699999985,30162.16299999996,30686.291000000037,39560.138711443695
2018-10-24,80774.24899999957,30266.84799999985,33163.851999999955,33738.77000000003,37721.29950720935
2018-10-25,79965.20699999959,29926.017999999855,33163.851999999955,33738.77000000003,39003.467786092355
2018-10-26,79164.79699999957,29597.227999999846,32799.498999999945,33367.707000000024,38049.82661069538
2018-10-29,78372.44999999956,29279.312999999845,32447.614999999943,33009.726000000024,37351.706515787555
2018-10-30,79925.76299999956,29853.126999999848,33084.903999999944,33657.171000000024,37839.93429457931
2018-10-31,81400.40999999955,30389.73999999985,33679.20099999994,34262.09400000003,38706.88081766746
2018-11-01,80584.5269999996,30043.093999999863,33294.74799999996,33871.258000000045,39270.396057674756
2018-11-02,79777.50799999961,29714.32499999987,32930.227999999974,33500.429000000055,38679.503559043624
2018-11-05,79863.48199999964,29737.06099999988,32930.227999999974,33500.429000000055,38544.898704143096
2018-11-06,79064.15599999964,29423.590999999884,32583.088999999974,33147.48500000006,38843.76711078664
2018-11-07,82937.89999999964,30854.64899999989,34168.53499999998,34759.65200000006,40032.39642270487
2018-11-08,82107.80499999963,30516.76699999988,34168.53499999998,34379.00900000005,39808.815477276876
2018-11-09,81953.98599999961,30417.22099999987,34168.53499999998,34379.00900000005,39138.07264099288
2018-11-12,83926.05499999961,31144.05199999987,34985.85499999998,35199.24800000005,37981.38346413579
2018-11-13,83087.00899999963,30814.852999999872,34615.91899999999,34827.11000000005,37985.9463405731
2018-11-14,82254.84799999963,30469.27699999987,34615.91899999999,34827.11000000005,37675.67074283628
2018-11-15,81431.41999999962,30141.03199999987,34242.79999999998,34451.49800000005,38348.695017338934
2018-11-16,80615.52199999959,29796.154999999857,33850.78499999997,34451.49800000005,38218.65303887571
2018-11-19,86680.16799999961,32024.572999999866,36382.30199999998,37029.97400000006,36968.424895053846
2018-11-20,85812.50499999961,31683.417999999863,36382.30199999998,37029.97400000006,36325.05931739369
2018-11-21,84952.85499999959,31329.588999999858,35976.182999999975,36616.302000000054,36594.26902719474
2018-11-23,84102.6609999996,30996.969999999863,35976.182999999975,36227.06700000006,36265.74192370871
2018-11-26,83641.8759999996,30781.161999999862,35725.811999999976,35974.729000000065,37169.1914582953
2018-11-27,82856.63499999954,30446.883999999845,35725.811999999976,35974.729000000065,37294.670560321225
2018-11-28,82109.4409999996,30127.943999999865,35351.704,35598.03500000008,38476.455557583504
2018-11-29,81286.9219999996,29792.255999999863,35351.704,35598.03500000008,38364.6650848695
2018-11-30,80472.99899999957,29467.691999999857,34966.46699999999,35598.03500000008,38652.12630041978
2018-12-03,80934.99999999956,29627.805999999855,34966.46699999999,35598.03500000008,39302.3361927359
2018-12-04,80124.03399999958,29294.00899999986,34572.619,35197.15400000009,37830.80854170469
2018-12-06,79322.39199999959,28980.62499999986,34572.619,35197.15400000009,38074.92243110056
2018-12-07,78527.62799999957,28650.18199999986,34572.619,35197.15400000009,36808.72421974813
2018-12-10,77742.58499999958,28348.20499999986,34572.619,35197.15400000009,37198.85015513781
2018-12-11,80602.35099999962,29378.731999999873,35828.73400000001,35197.15400000009,37317.484942507755
2018-12-12,79958.55599999959,29101.903999999864,35490.91,34865.19500000008,37652.856360649756
2018-12-13,79157.45699999959,28775.401999999864,35093.161,34474.17800000008,37671.107866398976
2018-12-14,78364.49199999962,28451.964999999876,34698.64500000001,34086.82500000009,36712.9038145647
2018-12-17,77658.3759999996,28153.054999999866,34334.059,33728.55400000008,35934.93338200402
2018-12-18,77088.88899999962,27904.195999999873,34030.44400000001,33430.204000000085,36147.107136338745
2018-12-19,76317.04199999962,27600.791999999874,34030.44400000001,33430.204000000085,35312.100748311736
2018-12-20,75553.35499999963,27312.25999999988,34030.44400000001,33430.204000000085,34785.088519802885
2018-12-21,74796.56399999965,27006.774999999885,34030.44400000001,33430.204000000085,33669.46523088155
2018-12-24,74049.29399999965,26724.348999999886,34030.44400000001,33080.59900000008,32558.404818397517
2018-12-26,73308.50499999966,26442.35399999989,34030.44400000001,33080.59900000008,34785.088519802885
2018-12-27,72722.15699999963,26188.93199999988,33704.1,33080.59900000008,34940.22631867129
2018-12-28,71994.27099999963,25911.81799999988,33347.343,33080.59900000008,34917.411936484765
2018-12-31,71273.33199999963,25621.219999999877,33347.343,33080.59900000008,35191.184522723124
2019-01-02,74421.37899999961,26745.373999999872,34809.39299999999,34532.902000000075,35337.196568716914
2019-01-03,73680.33399999961,26437.114999999874,34408.08299999999,34135.120000000075,34153.13013323599
2019-01-04,73116.37599999963,26193.16999999988,34408.08299999999,34135.120000000075,35679.41230151487
2019-01-07,72383.87499999964,25895.07499999988,34016.30099999999,33746.845000000074,36046.72385471802
2019-01-08,71659.05999999963,25606.66699999988,33637.469999999994,33370.96900000007,36402.62821682789
2019-01-09,71460.3699999996,25497.397999999874,33637.469999999994,33370.96900000007,36680.96367950356
2019-01-10,70744.4499999996,25209.595999999874,33257.80499999999,32993.95900000007,36783.62839934294
2019-01-11,70319.3259999996,25020.56799999987,33257.80499999999,32993.95900000007,36676.40080306625
2019-01-14,69615.11199999959,24746.124999999865,33257.80499999999,32993.95900000007,36343.310823142914
2019-01-15,72303.15399999962,25690.899999999874,33257.80499999999,34254.98500000008,37057.40098558131
2019-01-16,71578.76799999963,25401.46499999988,33257.80499999999,33869.25200000009,37045.993794488044
2019-01-17,74706.35999999961,26498.08799999987,34693.733999999975,35333.16500000007,37331.17357181967
2019-01-18,74160.34599999958,26265.964999999862,34693.733999999975,35333.16500000007,37689.359372148196
2019-01-22,78500.1369999996,27790.903999999864,34693.733999999975,35333.16500000007,36975.269209709804
2019-01-23,77881.89099999955,27531.44299999985,34369.50299999995,35003.219000000056,37000.36503011498
2019-01-24,77133.51699999959,27226.56699999986,34369.50299999995,35003.219000000056,37230.790290198944
2019-01-25,76360.88099999962,26918.65599999987,33980.31599999997,34607.25900000007,37700.766563241465
2019-01-28,75596.40899999959,26622.52799999986,33980.31599999997,34607.25900000007,37207.97590801241
2019-01-29,76706.35599999958,27000.035999999858,34462.043999999965,35098.25100000007,36847.508669465235
2019-01-30,76104.48099999959,26748.575999999863,34141.24199999997,34771.353000000076,37828.52710348604
2019-01-31,75536.28399999959,26510.393999999862,34141.24199999997,34771.353000000076,38364.6650848695
2019-02-01,75083.73099999959,26313.53099999986,34141.24199999997,34513.22300000008,38198.120094907834
2019-02-04,74437.54099999962,26049.56399999987,33798.54799999998,34166.74000000009,38670.37780616901
2019-02-05,75326.92099999961,26352.306999999866,34191.33399999997,34563.780000000086,39019.43785362293
2019-02-06,74955.77199999959,26185.64199999986,33975.075999999965,34345.08300000008,38898.521628034316
2019-02-07,74509.99599999959,25992.821999999862,33724.72099999996,34092.24000000008,38382.916590618726
2019-02-08,73763.94099999958,25703.23199999986,33724.72099999996,33712.22700000008,38444.51542252236
2019-02-11,73083.20999999961,25429.92599999987,33724.72099999996,33712.22700000008,38419.419602117174
2019-02-12,72857.49699999962,25315.516999999872,33572.87599999997,33560.382000000085,38994.34203321774
2019-02-13,72177.80199999962,25043.98799999987,33572.87599999997,33560.382000000085,39005.749224311
2019-02-14,71820.1569999996,24884.639999999865,33572.87599999997,33560.382000000085,39051.377988684064
2019-02-15,72010.08099999961,24939.287999999866,33572.87599999997,33560.382000000085,39231.61160795766
2019-02-19,72596.21199999962,25131.81999999987,33572.87599999997,33560.382000000085,39302.3361927359
2019-02-20,72224.48999999963,24968.27799999987,33572.87599999997,33560.382000000085,39302.3361927359
2019-02-21,71920.40999999967,24828.497999999883,33572.87599999997,33560.382000000085,39149.479832086145
2019-02-22,71617.95899999965,24689.68199999988,33572.87599999997,33560.382000000085,39443.78536229239
2019-02-25,71238.65699999967,24524.975999999886,33572.87599999997,33560.382000000085,39585.23453184888
2019-02-26,70825.25999999967,24348.638999999886,33331.539999999964,33560.382000000085,39628.58185800329
2019-02-27,70316.77499999967,24140.136999999886,33331.539999999964,33560.382000000085,39598.9231611608
2019-02-28,69860.43099999968,23950.199999999884,33331.539999999964,33560.382000000085,39507.665632414675
2019-03-01,69458.07799999967,23779.460999999883,33093.935999999965,33320.912000000084,39792.8454097463
2019-03-04,69155.91599999968,23643.669999999885,33093.935999999965,33320.912000000084,39797.408286183614
2019-03-05,68614.74899999968,23426.327999999885,33093.935999999965,33320.912000000084,39817.94123015149
2019-03-06,70263.77699999965,23977.871999999876,33873.917999999954,34106.03900000007,39587.51597006753
2019-03-07,72667.15199999968,24786.157999999887,35016.314999999966,34106.03900000007,39115.25825880635
2019-03-08,72013.73699999964,24528.613999999874,35016.314999999966,34106.03900000007,39053.65942690272
2019-03-11,75468.29699999966,25694.323999999877,35016.314999999966,34106.03900000007,39865.8514327432
2019-03-12,75035.32199999965,25511.766999999876,34767.51499999996,34106.03900000007,40084.86950173389
2019-03-13,74914.62199999961,25436.048999999864,34664.41799999995,34004.90700000005,40386.0193465961
2019-03-14,74405.02899999959,25228.834999999857,34381.75499999994,33727.65900000004,40317.57620003651
2019-03-15,74101.31099999962,25091.70599999987,34381.75499999994,33727.65900000004,40671.19912392773
2019-03-18,73517.94899999963,24860.723999999875,34381.75499999994,33416.94300000005,40703.139258988864
2019-03-19,73237.67999999964,24732.74999999988,34381.75499999994,33244.848000000056,40846.869866764006
2019-03-20,72843.16299999962,24566.296999999875,34381.75499999994,33244.848000000056,41017.97773316299
2019-03-21,77691.32099999963,26190.33999999988,36653.03999999994,35441.90800000006,41647.65468151122
2019-03-22,77007.21499999962,25925.264999999876,36653.03999999994,35083.25000000006,40721.39076473809
2019-03-25,76867.0039999996,25843.202999999867,36536.855999999934,34972.14200000005,40664.35480927177
2019-03-26,76557.49399999958,25704.627999999862,36536.855999999934,34784.644000000044,40849.15130498266
2019-03-27,76265.76799999956,25572.264999999854,36536.855999999934,34605.619000000035,40609.60029202409
2019-03-28,75501.89699999956,25290.678999999855,36536.855999999934,34605.619000000035,40687.1691914583
2019-03-29,75248.0659999996,25171.885999999868,36536.855999999934,34605.619000000035,41002.007665632416
2019-04-01,74997.70799999959,25054.991999999864,36536.855999999934,34605.619000000035,41554.11571454645
2019-04-02,74732.54099999959,24933.441999999864,36536.855999999934,34605.619000000035,41688.72056944698
2019-04-03,74421.5929999996,24797.148999999867,36337.05999999994,34416.365000000034,41928.27158240555
2019-04-04,74048.06599999957,24640.299999999857,36107.46099999992,34416.365000000034,41916.86439131229
2019-04-05,73821.47899999958,24532.965999999866,35950.077999999936,34266.218000000044,42129.03814564701
2019-04-08,73178.27499999962,24287.252999999877,35950.077999999936,34266.218000000044,42240.82861836102
2019-04-09,72986.24799999961,24192.046999999875,35809.07899999993,34131.735000000044,42087.97225771126
2019-04-10,72858.26799999959,24118.30399999987,35699.803999999924,34131.735000000044,42316.11607957657
2019-04-11,73751.02899999957,24403.234999999866,36121.98499999992,34131.735000000044,42220.295674393135
2019-04-12,73479.48099999955,24281.959999999857,35942.266999999905,33961.95000000003,42398.24785544808
2019-04-15,73193.50099999954,24156.157999999854,35942.266999999905,33961.95000000003,42407.37360832269
2019-04-16,72925.03099999951,24036.499999999847,35764.165999999896,33793.78200000002,42557.94853075379
2019-04-17,73839.74799999951,24327.82799999985,36197.7439999999,34203.46200000002,42694.83482387297
2019-04-18,73664.70099999954,24259.838999999854,36197.7439999999,34203.46200000002,42749.58934112064
2019-04-22,75777.64299999955,24944.399999999856,37219.9689999999,34203.46200000002,42884.19419602117
2019-04-23,75550.77399999957,24838.07099999986,37219.9689999999,34057.53600000003,43413.487862748676
2019-04-24,75136.56699999959,24670.829999999867,36968.94699999991,34057.53600000003,43276.60156962949
2019-04-25,75701.9919999996,24846.092999999873,37231.671999999926,34299.58200000004,43440.86512137252
2019-04-26,74943.45499999958,24566.395999999862,36812.39699999991,33913.30800000003,43497.90107683884
2019-04-29,74517.98499999956,24396.261999999857,36812.39699999991,33913.30800000003,43575.469976273045
2019-04-30,73772.14299999957,24128.84499999986,36812.39699999991,33541.55000000003,43244.661434568356
2019-05-01,73538.54599999957,24022.078999999856,36649.5049999999,33393.217000000026,43080.39788282533
2019-05-02,73085.45899999954,23843.770999999844,36377.128999999884,33393.217000000026,42934.38583683154
2019-05-03,72698.41699999954,23687.337999999843,36377.128999999884,33393.217000000026,43602.84723489688
2019-05-06,73942.20699999954,24089.118999999846,36377.128999999884,33393.217000000026,43345.044716189084
2019-05-07,73201.66299999956,23822.111999999852,35973.25799999989,33022.34000000003,42494.0682606315
2019-05-08,72468.62199999958,23563.82699999986,35973.25799999989,33022.34000000003,42350.33765285636
2019-05-09,71883.92599999957,23343.154999999857,35973.25799999989,32712.88200000003,42163.25971892681
2019-05-10,71335.66399999958,23134.77799999986,35973.25799999989,32712.88200000003,42208.888483299874
2019-05-13,70621.8349999996,22887.079999999864,35973.25799999989,32712.88200000003,40737.36083226866
2019-05-14,70431.50199999959,22794.950999999863,35973.25799999989,32581.114000000027,41177.6784084687
2019-05-15,74320.51699999959,24043.421999999864,37947.6569999999,34367.77300000003,41757.16371600657
2019-05-16,76799.02599999959,24834.137999999864,37947.6569999999,35498.01400000003,42188.355539332
2019-05-17,76029.90699999961,24554.440999999868,37947.6569999999,35498.01400000003,41754.88227778792
2019-05-20,75285.93999999962,24281.89699999987,37947.6569999999,35498.01400000003,41056.76218288009
2019-05-21,74654.62299999963,24046.40299999987,37579.421999999904,35153.59300000004,41476.54681511225
2019-05-22,73906.97499999963,23778.67999999987,37160.402999999904,34761.76000000004,41303.15751049462
2019-05-23,74814.47199999965,24059.578999999874,37160.402999999904,34761.76000000004,40675.76200036503
2019-05-24,74113.50699999966,23802.243999999882,36762.615999999914,34389.46600000005,40636.97755064793
2019-05-28,73371.75299999965,23540.553999999876,36358.673999999904,34011.69300000004,40495.52838109144
2019-05-29,72937.44899999966,23369.460999999883,36094.16999999991,34011.69300000004,40169.282715824054
2019-05-30,72276.19999999965,23126.05299999988,36094.16999999991,34011.69300000004,40335.82770578573
2019-05-31,71595.17299999966,22876.422999999882,35704.65299999991,34011.69300000004,39674.21062237635
2019-06-03,70918.66699999967,22628.676999999883,35317.96199999991,33643.37100000004,38832.35991969337
2019-06-04,70537.97899999969,22475.610999999888,35317.96199999991,33643.37100000004,39904.6358824603
2019-06-05,70488.34799999968,22449.600999999886,35317.96199999991,33643.37100000004,40203.504289103854
2019-06-06,70055.01899999967,22281.12199999988,35052.830999999904,33390.818000000036,40518.34276327797
2019-06-07,74600.65099999968,23714.86399999988,37309.96699999991,35541.43100000004,41296.31319583866
2019-06-10,74695.29499999968,23738.87999999988,37347.728999999905,35577.37600000004,41770.85234531849
2019-06-11,74451.73199999971,23630.847999999893,37177.66299999992,35415.32800000006,41839.29549187808
2019-06-12,74698.8229999997,23702.325999999888,37177.66299999992,35415.32800000006,41604.30735535682
2019-06-13,74387.3019999997,23572.55899999989,36973.85099999992,35221.30500000006,41852.98412119
2019-06-14,73945.02999999974,23401.4319999999,36705.40999999994,34965.773000000074,41654.49899616718
2019-06-17,74750.41599999974,23645.7219999999,36705.40999999994,34965.773000000074,41914.58295309363
2019-06-18,74233.28499999974,23451.792999999903,36404.038999999946,34678.88000000008,42526.00839569265
2019-06-19,73674.49299999975,23245.470999999907,36083.45899999995,34373.507000000085,42690.27194743566
2019-06-20,74267.79699999977,23423.823999999913,36359.965999999964,34637.246000000094,43078.11644460668
2019-06-21,73919.50099999977,23284.166999999914,36359.965999999964,34637.246000000094,43032.48768023362
2019-06-24,73620.01299999977,23160.172999999915,36166.44499999996,34453.0120000001,42922.97864573827
2019-06-25,76750.44699999977,24133.840999999917,37688.295999999966,35903.61900000009,42190.63697755065
2019-06-26,76025.00199999977,23874.823999999917,37283.48799999997,35518.35000000009,42384.55922613616
2019-06-27,75453.57399999973,23664.802999999905,37283.48799999997,35518.35000000009,42548.82277787918
2019-06-28,75258.27999999972,23573.216999999902,37283.48799999997,35518.35000000009,42608.140171564155
2019-07-01,74639.32699999974,23349.97199999991,37283.48799999997,35518.35000000009,43171.65541157145
2019-07-02,74084.74699999976,23146.937999999915,36959.20899999997,35518.35000000009,43351.88903084504
2019-07-03,73771.99099999978,23020.09199999992,36959.20899999997,35323.6440000001,43698.667640080304
2019-07-05,73568.80999999978,22927.64799999992,36810.801999999974,35181.92200000011,43598.284358459576
2019-07-08,73039.57799999978,22733.96499999992,36499.625999999975,34884.38000000011,43283.44588428545
2019-07-09,75462.11399999977,23477.484999999917,37693.90499999997,36025.993000000104,43504.7453914948
2019-07-10,74706.14199999979,23217.198999999924,37693.90499999997,36025.993000000104,43929.092900164265
2019-07-11,74224.71399999979,23038.747999999923,37693.90499999997,36025.993000000104,43894.871326884466
2019-07-12,73945.97399999978,22923.54999999992,37693.90499999997,36025.993000000104,44150.39240737361
2019-07-15,73593.4679999998,22785.906999999923,37467.506999999976,36025.993000000104,44282.715824055485
2019-07-16,73288.34999999982,22663.23699999993,37467.506999999976,36025.993000000104,44061.41631684614
2019-07-17,72968.47399999984,22536.408999999938,37257.48199999999,35824.09800000012,43846.96112429276
2019-07-18,72237.51099999982,22284.835999999934,37257.48199999999,35824.09800000012,43924.530023726955
2019-07-19,76073.02799999982,23457.37599999993,37257.48199999999,35824.09800000012,43554.93703230516
2019-07-22,77515.61099999986,23892.096999999943,37948.23500000001,36488.18100000014,43935.937214820224
2019-07-23,77113.25799999986,23738.462999999945,37704.100000000006,36253.68700000014,44211.99123927724
2019-07-24,79934.81299999988,24597.22199999995,37704.100000000006,36253.68700000014,44522.26683701405
2019-07-25,81693.31799999987,25128.01599999995,38518.124,37036.24100000014,44093.35645190728
2019-07-26,82024.09399999984,25221.090999999942,38518.124,37036.24100000014,44547.36265741924
2019-07-29,82224.48999999985,25272.273999999943,38596.433000000005,37111.481000000145,44405.91348786275
2019-07-30,82988.23899999983,25496.211999999938,38938.774999999994,37440.524000000136,44211.99123927724
2019-07-31,82302.12799999982,25254.186999999936,38568.59199999999,37084.63200000013,43618.81730242745
2019-08-01,81478.69699999981,24987.74499999993,38161.22199999998,36692.67600000012,43372.421974812925
2019-08-02,80716.20799999981,24722.21499999993,38161.22199999998,36692.67600000012,42760.99653221391
2019-08-05,86529.04599999983,26489.595999999936,40892.628999999986,39319.15500000013,41221.02573462311
2019-08-06,85662.7849999998,26200.85099999993,40446.718999999975,38890.78900000012,41809.63679503559
2019-08-07,84805.14299999979,25917.81199999993,40446.718999999975,38890.78900000012,41992.15185252784
2019-08-08,83955.85299999977,25633.307999999925,40446.718999999975,38463.36200000011,42954.91878079942
2019-08-09,83167.34499999977,25359.761999999926,40015.35799999998,38053.043000000114,42537.41558678591
2019-08-12,82335.06699999978,25088.283999999927,40015.35799999998,37645.82600000012,42060.59499908743
2019-08-13,87869.88099999976,26763.259999999922,42687.92999999997,40158.29000000011,42991.421792297864
2019-08-14,86989.65099999978,26461.922999999926,42687.92999999997,39706.01400000012,41684.15769300967
2019-08-15,86118.87099999978,26171.70299999993,42687.92999999997,39706.01400000012,41654.49899616718
2019-08-16,87645.7039999998,26625.06899999993,43427.40899999998,40393.70400000012,42311.55320313926
2019-08-19,87011.10299999978,26398.503999999928,43427.40899999998,40393.70400000012,42959.48165723672
2019-08-20,86139.7569999998,26106.35099999993,43427.40899999998,40393.70400000012,42660.613250593175
2019-08-21,85608.0999999998,25912.247999999934,43427.40899999998,40393.70400000012,43034.76911845227
2019-08-22,85244.28999999978,25769.219999999925,43427.40899999998,40170.81000000011,42902.4457017704
2019-08-23,84804.70599999976,25603.36899999992,43147.77999999997,39912.2510000001,41560.96002920241
2019-08-26,84231.84399999975,25397.092999999917,42800.15299999997,39590.5940000001,42170.10403358277
2019-08-27,83958.38299999974,25281.886999999915,42606.03299999997,39411.0330000001,42103.942325241835
2019-08-28,83117.90899999974,25011.819999999916,42606.03299999997,39411.0330000001,42231.702865486404
2019-08-29,82285.70999999974,24739.281999999916,42606.03299999997,39411.0330000001,42870.50556670925
2019-08-30,84392.99699999971,25362.317999999905,43679.699999999946,39411.0330000001,42781.529476181786
2019-09-03,83547.55199999972,25076.108999999906,43186.40099999995,39411.0330000001,42357.18196751232
2019-09-04,83207.18999999973,24942.074999999906,43186.40099999995,39411.0330000001,42968.60741011133
2019-09-05,85212.19499999973,25532.54199999991,43186.40099999995,39411.0330000001,43762.54791020259
2019-09-06,84358.91399999973,25249.98699999991,43186.40099999995,38974.470000000096,43710.07483117357
2019-09-09,85728.39599999973,25649.22099999991,43186.40099999995,38974.470000000096,43609.69154955284
2019-09-10,84869.91599999975,25362.578999999914,42703.334999999955,38538.226000000104,43513.87114436941
2019-09-11,84601.43799999973,25250.53799999991,42703.334999999955,38367.9490000001,43906.278517977735
2019-09-12,83754.48699999973,24974.669999999907,42703.334999999955,38367.9490000001,44079.667822595366
2019-09-13,82915.79199999972,24698.324999999906,42230.13299999995,37942.5640000001,43935.937214820224
2019-09-16,82429.09999999973,24522.368999999904,41929.37099999995,37672.4920000001,43721.482022266835
2019-09-17,82066.17999999972,24383.8879999999,41692.24599999994,37672.4920000001,43922.24858550831
2019-09-18,81603.04099999969,24215.739999999896,41404.93799999993,37412.98800000009,43922.24858550831
2019-09-19,80785.4089999997,23944.215999999895,41404.93799999993,37412.98800000009,43992.97317028655
2019-09-20,80482.41499999973,23824.679999999906,41198.159999999945,37226.213000000105,43541.248402993246
2019-09-23,79701.94199999972,23563.6589999999,41198.159999999945,37226.213000000105,43452.27231246578
2019-09-24,79350.4159999997,23430.3269999999,41198.159999999945,37226.213000000105,42861.37981383464
2019-09-25,78791.68799999973,23235.608999999906,41198.159999999945,37226.213000000105,43363.29622193831
2019-09-26,78002.68999999971,22979.2089999999,41198.159999999945,37226.213000000105,43203.5955466326
2019-09-27,81673.85299999974,24050.57399999991,41198.159999999945,37226.213000000105,42694.83482387297
2019-09-30,81029.05499999979,23830.332999999922,40820.60399999996,36884.86100000012,43068.99069173207
2019-10-01,80217.7049999998,23567.915999999925,40371.12399999997,36884.86100000012,42710.80489140354
2019-10-02,81998.63199999981,24083.661999999928,40371.12399999997,36884.86100000012,41978.46322321591
2019-10-03,81178.27399999982,23824.22599999993,39935.17299999997,36884.86100000012,42464.40956378901
2019-10-04,84176.3599999998,24694.106999999924,39935.17299999997,36884.86100000012,43094.086512137255
2019-10-07,83531.97499999977,24473.923999999915,39935.17299999997,36884.86100000012,42938.948713268845
2019-10-08,82797.92899999979,24227.590999999917,39533.409999999974,36513.71300000013,42275.05019164081
2019-10-09,81997.8549999998,23962.38199999992,39533.409999999974,36114.111000000135,42740.46358824603
2019-10-10,83883.94699999978,24502.471999999914,40426.14699999996,36929.54100000012,43041.61343310823
2019-10-11,83425.6309999998,24338.11999999992,40154.58099999997,36681.40800000013,43577.75141449169
2019-10-14,83161.8339999998,24230.720999999918,39977.12999999996,36519.360000000124,43600.565796678224
2019-10-15,85723.46199999982,24966.056999999928,39977.12999999996,36519.360000000124,44150.39240737361
2019-10-16,85188.5849999998,24779.419999999922,39977.12999999996,36519.360000000124,44038.60193465961
2019-10-17,85081.5909999998,24717.70999999992,39877.54699999996,36428.368000000126,44154.955283810916
2019-10-18,84534.8529999998,24528.499999999916,39877.54699999996,36428.368000000126,43730.60777514145
2019-10-21,84006.59799999978,24344.75099999991,39578.63899999995,36155.452000000114,44127.57802518708
2019-10-22,83589.90899999977,24193.949999999906,39333.62499999994,36155.452000000114,43773.955101295855
2019-10-23,82941.40099999977,23976.294999999904,39333.62499999994,36155.452000000114,43853.805438948715
2019-10-24,82614.21799999978,23852.049999999905,39333.62499999994,36155.452000000114,44278.15294761818
2019-10-25,86214.2809999998,24881.926999999912,39333.62499999994,36155.452000000114,44627.21299507209
2019-10-28,87245.0309999998,25169.271999999914,39333.62499999994,36155.452000000114,45078.93776236539
2019-10-29,87031.10299999978,25076.961999999912,39189.36799999994,36022.96000000011,44736.72202956744
2019-10-30,86372.57799999978,24856.72099999991,38844.99899999993,35706.6060000001,44930.64427815295
2019-10-31,86178.43899999975,24770.707999999904,38844.99899999993,35582.97300000009,44951.17722212082
2019-11-01,85584.41699999974,24570.207999999904,38844.99899999993,35294.65400000009,45370.96185435299
2019-11-04,85104.46899999974,24403.117999999904,38844.99899999993,35054.59000000009,45644.734440591346
2019-11-05,84626.76899999974,24237.050999999905,38844.99899999993,34815.89000000009,45653.86019346596
2019-11-06,84319.79299999973,24139.5659999999,38688.62099999993,34675.793000000085,45571.72841759445
2019-11-07,84015.71299999971,24023.6449999999,38502.80999999992,34509.26200000008,45726.86621646286
2019-11-08,83711.81399999971,23907.964999999895,38317.48099999991,34509.26200000008,45913.94415039241
2019-11-11,83392.46199999971,23788.237999999896,38317.48099999991,34509.26200000008,45847.78244205147
2019-11-12,82993.12499999974,23646.165999999906,38317.48099999991,34509.26200000008,45973.26154407739
2019-11-13,83503.28399999974,23781.99599999991,38317.48099999991,34707.51600000008,45941.321409016244
2019-11-14,83019.93299999976,23615.97299999991,38317.48099999991,34707.51600000008,45952.72860010951
2019-11-15,82345.48199999976,23396.015999999912,38317.48099999991,34707.51600000008,46249.3155685344
2019-11-18,81790.33399999976,23210.75399999991,38317.48099999991,34432.43000000008,46331.44734440591
2019-11-19,82190.22799999976,23314.94899999991,38489.68899999991,34587.23400000008,46395.3276145282
2019-11-20,81880.80799999976,23199.73999999991,38299.43099999991,34416.30300000008,46112.42927541522
2019-11-21,81180.86399999974,22973.879999999906,37926.270999999906,34081.44100000008,46012.04599379449
2019-11-22,81002.59799999977,22896.245999999912,37798.02099999992,33966.187000000085,46043.986128855635
2019-11-25,82411.16199999975,23285.91199999991,37798.02099999992,33966.187000000085,46598.37561598832
2019-11-26,82135.33899999977,23180.806999999913,37627.08099999993,33812.572000000095,46678.22595364117
2019-11-27,82005.6579999998,23117.07499999992,37627.08099999993,33719.65300000011,47009.03449534587
2019-11-29,81860.4219999998,23049.275999999918,37627.08099999993,33620.5970000001,46815.112246760356
2019-12-02,84974.92399999978,23917.325999999914,39042.966999999924,34886.021000000095,46281.25570359555
2019-12-03,84124.14399999975,23658.033999999905,38619.664999999906,34508.01700000008,45948.1657236722
2019-12-04,83739.99099999972,23522.136999999897,38397.631999999896,34309.555000000066,46176.30954553751
2019-12-05,83804.37999999976,23530.933999999907,38397.631999999896,34309.555000000066,46265.285636064975
2019-12-06,84786.73999999974,23797.273999999903,38397.631999999896,34309.555000000066,46751.231976638075
2019-12-09,84338.23499999972,23643.689999999897,38397.631999999896,34309.555000000066,46550.4654133966
2019-12-10,83972.92199999973,23513.586999999898,38397.631999999896,34309.555000000066,46518.525278335466
2019-12-11,83823.31799999972,23444.126999999895,38284.23099999989,34208.23400000006,46778.60923526191
2019-12-12,83330.27999999975,23278.788999999902,38284.23099999989,33967.086000000076,47129.95072093448
2019-12-13,82584.84299999973,23043.817999999897,38284.23099999989,33967.086000000076,47269.11845227231
2019-12-16,83200.2409999997,23206.546999999893,38284.23099999989,33967.086000000076,47718.561781346965
2019-12-17,83200.2409999997,23206.546999999893,38284.23099999989,33967.086000000076,47748.220478189454
2019-12-18,82912.99399999974,23100.024999999903,38108.300999999905,33811.15900000009,47780.16061325059
2019-12-19,84395.67499999974,23504.384999999904,38108.300999999905,34402.99500000008,48113.250593173936
2019-12-20,84234.78199999974,23433.061999999907,38108.300999999905,34402.99500000008,48314.01715641541
2019-12-23,84137.85299999974,23379.579999999907,38108.300999999905,34402.99500000008,48309.4542799781
2019-12-24,83945.58399999978,23317.398999999918,38108.300999999905,34402.99500000008,48348.2387296952
2019-12-26,86124.40399999978,23913.999999999916,38108.300999999905,34402.99500000008,48772.58623836467
2019-12-27,86764.79899999978,24082.65499999992,38377.39099999991,34402.99500000008,48731.52035042891
2019-12-30,87920.10199999978,24395.51299999992,38876.16199999991,34850.16900000008,48402.993246942875
2019-12-31,88877.80999999978,24653.44399999992,38876.16199999991,34850.16900000008,48498.8136521263
2020-01-02,88114.85499999976,24414.304999999917,38498.957999999904,34850.16900000008,49311.00565796678
2020-01-03,87861.46199999977,24340.405999999915,38498.957999999904,34850.16900000008,48868.40664354809
2020-01-06,90463.08399999977,25055.03299999992,38498.957999999904,34850.16900000008,49171.83792662895
2020-01-07,90025.38699999974,24906.08899999991,38269.763999999894,34642.80300000007,49167.27505019164
2020-01-08,91824.50199999976,25395.945999999913,38269.763999999894,34642.80300000007,49532.30516517613
2020-01-09,91353.82699999976,25238.06299999991,38031.74599999989,34427.29100000007,49965.77842672021
2020-01-10,90438.83599999975,24958.61299999991,38031.74599999989,34045.99700000007,49838.01788647564
2020-01-13,90321.75699999976,24899.007999999914,37940.962999999894,33964.777000000075,50408.377441138895
2020-01-14,89845.38999999974,24740.706999999904,37699.82599999988,33748.91200000006,50214.45519255339
2020-01-15,89257.32099999976,24552.09899999991,37699.82599999988,33748.91200000006,50230.42526008396
2020-01-16,88579.08999999973,24339.015999999905,37372.74599999987,33455.98300000005,50716.371600657054
2020-01-17,87798.39999999972,24098.7799999999,37372.74599999987,33125.383000000045,50969.611242927545
2020-01-21,87387.32499999974,23960.107999999906,37157.675999999876,32934.70900000005,50953.64117539697
2020-01-22,87292.34799999974,23908.440999999904,37077.57399999988,32934.70900000005,51072.27596276693
2020-01-23,86418.73499999974,23653.346999999903,37077.57399999988,32934.70900000005,51225.132323416685
2020-01-24,90586.96199999974,24784.227999999905,37077.57399999988,34510.925000000054,50805.34769118452
2020-01-27,90596.43899999975,24781.05999999991,37077.57399999988,34510.925000000054,49746.760357729516
2020-01-28,89885.28899999979,24559.61899999992,36746.14899999989,34202.57700000007,50517.88647563424
2020-01-29,89496.31499999981,24426.877999999928,36547.4889999999,34017.76300000008,50584.04818397518
2020-01-30,88601.20199999982,24169.13599999993,36547.4889999999,34017.76300000008,50784.814747216646
2020-01-31,92687.92899999983,25277.397999999932,38224.75799999991,35576.024000000085,49965.77842672021
2020-02-03,94402.78499999983,25738.845999999932,38224.75799999991,35576.024000000085,50716.371600657054
2020-02-04,93457.30999999985,25457.043999999936,38224.75799999991,35576.024000000085,51884.46796860741
2020-02-05,95229.69599999985,25931.39599999994,38224.75799999991,35576.024000000085,52073.82734075561
2020-02-06,94276.53399999985,25648.76399999994,38224.75799999991,35187.405000000086,52511.863478736996
2020-02-07,93333.20499999986,25373.89199999994,37814.21199999991,34809.456000000086,52283.71965687169
2020-02-10,96111.32799999986,26121.070999999945,37814.21199999991,34809.456000000086,52920.24091987589
2020-02-11,95149.45599999986,25837.192999999945,37402.66399999992,34809.456000000086,52924.803796313194
2020-02-12,94415.22799999987,25611.33099999995,37402.66399999992,34809.456000000086,53451.81602482205
2020-02-13,95512.98499999987,25901.48099999995,37402.66399999992,34809.456000000086,53371.96568716919
2020-02-14,94556.79399999983,25616.58999999994,37402.66399999992,34809.456000000086,53513.41485672568
2020-02-18,95286.91899999983,25807.80599999994,37402.66399999992,34809.456000000086,53554.480744661436
2020-02-19,96624.09599999986,26161.338999999945,37402.66399999992,34809.456000000086,54067.80434385837
2020-02-20,96002.30399999987,25966.416999999947,37123.95199999992,34809.456000000086,53552.19930644278
2020-02-21,100590.80399999987,27197.21199999995,38886.57199999992,36459.63300000009,52543.80361379814
2020-02-24,100081.12499999985,27057.853999999945,38886.57199999992,36459.63300000009,50508.76072275963
2020-02-25,105314.49499999986,28466.206999999948,40909.73899999992,38361.267000000094,49153.58642087972
2020-02-26,104260.78699999985,28161.484999999942,40909.73899999992,38361.267000000094,49377.16736630772
2020-02-27,103218.05299999985,27866.85499999994,40480.60399999992,37959.0330000001,46906.36977550648
2020-02-28,104627.74699999984,28244.84799999994,40480.60399999992,37959.0330000001,47157.327979558315
2020-03-02,103581.87699999986,27951.446999999946,40480.60399999992,37959.0330000001,49388.574557400985
2020-03-03,102546.49499999986,27659.630999999947,40480.60399999992,37959.0330000001,47823.507939405004
2020-03-04,101718.97499999985,27405.78399999994,40108.42599999991,37959.0330000001,49776.419054572005
2020-03-05,100701.53399999984,27121.00299999994,39690.94599999991,37563.91800000009,48270.669830260995
2020-03-06,99694.57599999984,26836.982999999942,39275.24399999991,37170.163000000095,47474.44789195109
2020-03-09,98697.46599999985,26555.544999999944,39275.24399999991,36780.2810000001,44180.0511042161
2020-03-10,97708.68099999987,26258.62499999995,38835.57399999992,36780.2810000001,46598.37561598832
2020-03-11,96731.28199999986,25984.438999999948,38429.61899999992,36395.6220000001,44556.48841029385
2020-03-12,95763.60099999985,25710.424999999945,38429.61899999992,36395.6220000001,40438.49242562512
2020-03-13,94807.02999999985,25446.523999999943,38429.61899999992,36022.6710000001,44250.77568899434
2020-03-16,93912.69399999986,25171.459999999945,38429.61899999992,36022.6710000001,38686.34787369958
2020-03-17,92972.85899999987,24899.708999999948,38015.01399999992,35634.3380000001,41524.457017703964
2020-03-18,92046.04799999986,24646.938999999948,38015.01399999992,35634.3380000001,40249.133053476915
2020-03-19,91126.09999999986,24396.545999999948,37626.053999999924,35269.6880000001,40550.282898339115
2020-03-20,90642.8949999999,24234.90899999996,37376.82599999994,35269.6880000001,38953.27614528198
2020-03-23,89735.3859999999,23974.47999999996,36975.29499999994,34890.803000000094,38923.617448439494
2020-03-24,88839.4019999999,23727.595999999958,36975.29499999994,34532.42300000009,41930.553020624204
2020-03-25,87952.0539999999,23486.433999999957,36598.84699999994,34532.42300000009,41551.8342763278
2020-03-26,92596.1479999999,24719.501999999957,38527.307999999946,36346.18000000009,43840.1168096368
2020-03-27,91668.76799999994,24443.526999999965,38097.36799999996,35940.6420000001,42192.9184157693
2020-03-30,90752.22299999994,24188.79499999997,38097.36799999996,35565.9490000001,43828.70961854353
2020-03-31,90257.62799999995,24026.689999999973,38097.36799999996,35327.76700000011,43452.27231246578
2020-04-01,89354.17399999996,23768.873999999974,37687.997999999956,34948.01100000011,41611.151670012776
2020-04-02,88460.61599999997,23525.542999999976,37299.874999999956,34588.04200000011,42439.31374338383
2020-04-03,87575.93399999996,23278.900999999976,36907.93399999996,34588.04200000011,41868.95418872057
2020-04-06,86700.32399999995,23033.585999999974,36518.85299999995,34222.92200000011,44843.949625844136
2020-04-07,91094.96699999995,24196.488999999972,36518.85299999995,35948.520000000106,44766.38072640993
2020-04-08,90230.68199999994,23937.891999999974,36518.85299999995,35948.520000000106,45738.273407556124
2020-04-09,89327.86199999995,23685.954999999976,36134.561999999954,35570.03400000011,45813.560868771674
2020-04-13,88718.83599999994,23496.281999999974,36134.561999999954,35570.03400000011,46322.321591531305
2020-04-14,91681.74699999994,24274.014999999974,36134.561999999954,35570.03400000011,48332.26866216463
2020-04-15,90763.38999999994,24005.121999999974,35734.016999999956,35175.69900000011,47780.16061325059
2020-04-16,89854.74999999994,23741.850999999977,35342.21999999996,34790.121000000116,48674.48439496259
2020-04-17,89867.87899999994,23741.66899999998,35342.21999999996,34790.121000000116,49094.26902719474
2020-04-20,88968.27799999993,23483.059999999976,34957.64099999995,34411.47000000011,48512.50228143822
2020-04-21,93284.10199999993,24615.894999999975,34957.64099999995,34411.47000000011,46719.29184157693
2020-04-22,92349.8829999999,24345.48199999997,34573.157999999945,34033.0260000001,48154.316481109694
2020-04-23,91426.88799999989,24092.01199999997,34573.157999999945,34033.0260000001,48035.68169373973
2020-04-24,90511.83099999987,23835.241999999966,34204.16999999994,33669.74400000009,48836.46650848695
2020-04-27,89605.41999999987,23575.891999999963,33831.446999999935,33302.94900000009,49130.77203869319
2020-04-28,97533.36799999989,25649.977999999966,36813.54299999994,36237.25500000009,48256.98120094908
2020-04-29,96772.62099999985,25421.50299999996,36485.50099999993,35914.50400000008,49906.46103303523
2020-04-30,96621.44199999985,25376.976999999963,36421.42699999993,35914.50400000008,50002.281438218655
2020-05-01,95655.27399999986,25113.306999999964,36421.42699999993,35914.50400000008,48512.50228143822
2020-05-04,99995.10199999984,26245.22799999996,36421.42699999993,35914.50400000008,49101.1133418507
2020-05-05,98994.50899999986,25965.63399999996,36032.467999999935,35914.50400000008,49657.78426720204
2020-05-06,98003.93999999986,25685.027999999962,36032.467999999935,35526.84600000008,49956.652673845594
2020-05-07,97260.45399999988,25462.324999999968,36032.467999999935,35526.84600000008,50622.832633692284
2020-05-08,96287.25399999988,25188.830999999966,35645.74399999993,35145.34800000008,51279.88684066435
2020-05-11,99519.09999999989,26025.708999999966,36830.88799999993,36314.89800000008,51708.79722577113
2020-05-12,104453.30499999989,27309.84899999997,38648.43999999994,38107.755000000085,50679.86858915861
2020-05-13,103408.22199999989,27027.533999999967,38648.43999999994,38107.755000000085,50063.88027012229
2020-05-14,102497.20799999991,26759.738999999972,38265.411999999946,38107.755000000085,50609.14400438036
2020-05-15,102008.61599999988,26603.090999999964,38041.03299999993,37884.33900000007,50939.95254608506
2020-05-18,100995.44999999988,26310.599999999962,37623.099999999926,37468.26900000007,51900.43803613798
2020-05-19,100089.44699999984,26047.36899999995,37623.099999999926,37468.26900000007,51731.61160795766
2020-05-20,102734.02599999985,26726.415999999957,38603.44599999993,38445.61700000008,52783.35462675671
2020-05-21,102430.50099999983,26619.92499999995,38603.44599999993,38445.61700000008,52215.2765103121
2020-05-22,101836.68699999986,26437.718999999957,38603.44599999993,38445.61700000008,52381.82150027377
2020-05-26,106527.35799999988,27646.464999999964,40369.51799999994,40204.45100000009,52276.87534221573
2020-05-27,105461.1389999999,27345.29299999997,39929.45599999995,39765.8510000001,52536.95929914218
2020-05-28,106010.70099999991,27478.096999999972,40123.36099999995,39959.198000000106,52427.45026464683
2020-05-29,105070.97199999994,27206.300999999978,40123.36099999995,39959.198000000106,53130.13323599197
2020-06-01,106955.42499999994,27686.19299999998,40832.16699999996,39959.198000000106,53426.720204416866
2020-06-02,105984.75699999994,27406.64999999998,40419.648999999954,39555.54500000011,53766.65449899617
2020-06-03,105050.08299999993,27137.646999999975,40022.244999999944,39166.8560000001,53997.07975908012
2020-06-04,104390.81599999992,26939.817999999974,40022.244999999944,39166.8560000001,53613.798138346414
2020-06-05,107947.78699999991,27851.468999999972,40022.244999999944,39166.8560000001,54663.25971892681
2020-06-08,107531.29399999992,27716.153999999977,39827.85699999995,38976.54200000011,55112.70304800146
2020-06-09,111798.0479999999,28805.89399999997,41393.765999999945,40509.285000000105,55484.577477641906
2020-06-10,110678.97899999989,28490.92099999997,41393.765999999945,40509.285000000105,56173.571819675126
2020-06-11,109571.1429999999,28180.16999999997,41393.765999999945,40067.31200000011,53413.03157510495
2020-06-12,108474.06999999988,27874.853999999967,40944.27299999994,39632.4680000001,53789.4688811827
2020-06-15,107389.62999999989,27583.037999999968,40516.00599999994,39217.711000000105,54448.804526373424
2020-06-16,106314.67299999991,27281.607999999975,40072.27299999995,39217.711000000105,55427.54152217558
2020-06-17,106314.67299999991,27281.607999999975,40072.27299999995,39217.711000000105,55566.709253513414
2020-06-18,105266.52899999992,26986.140999999978,40072.27299999995,39217.711000000105,55733.25424347509
2020-06-19,105008.77199999997,26893.933999999987,40072.27299999995,39217.711000000105,55703.5955466326
2020-06-22,105008.77199999997,26893.933999999987,40072.27299999995,39217.711000000105,56301.332359919696
2020-06-23,104279.08899999996,26681.330999999984,39755.08699999995,38907.3990000001,56746.21281255704
2020-06-24,103387.53999999996,26427.791999999983,39376.84699999995,38537.4330000001,55616.900894323786
2020-06-25,102725.18599999994,26232.508999999976,39376.84699999995,38537.4330000001,56141.63168461398
2020-06-26,108913.61299999997,27803.441999999985,39376.84699999995,38537.4330000001,54772.768753422155
2020-06-29,107824.06999999995,27507.17999999998,38956.97899999994,38127.375000000095,55386.475634239825
2020-06-30,113780.63299999993,29019.517999999975,38956.97899999994,38127.375000000095,56415.40427085235
2020-07-01,112641.90599999994,28708.524999999976,38538.50399999994,37718.591000000095,57134.05730972805
2020-07-02,111513.95499999996,28395.65699999998,38538.50399999994,37718.591000000095,57517.33893046177
2020-07-06,116044.01199999994,29540.73299999998,38538.50399999994,37718.591000000095,58950.082131775875
2020-07-07,114883.58899999996,29231.940999999984,38135.210999999945,37324.6150000001,58532.578937762366
2020-07-08,113733.92499999993,28921.609999999975,38135.210999999945,36928.71100000009,59303.705055667095
2020-07-09,112847.33999999995,28669.79899999998,37802.88899999995,36928.71100000009,59787.36995802154
2020-07-10,111718.53999999998,28371.185999999987,37408.660999999964,36544.7800000001,60232.25041065888
2020-07-13,110964.468,28154.521999999994,37408.660999999964,36544.7800000001,58982.022266837004
2020-07-14,109856.616,27868.267999999996,37408.660999999964,36544.7800000001,59410.9326519438
2020-07-15,108756.71199999996,27564.005999999987,37408.660999999964,36544.7800000001,59495.34586603394
2020-07-16,107668.46899999997,27276.027999999988,37408.660999999964,36544.7800000001,59084.6869866764
2020-07-17,110982.81099999997,28107.207999999988,37408.660999999964,36544.7800000001,59175.944515422525
2020-07-20,110571.66499999995,27977.175999999985,37408.660999999964,36544.7800000001,60866.490235444435
2020-07-21,117170.01499999996,29636.418999999983,37408.660999999964,36544.7800000001,60241.376163533496
2020-07-22,115997.849,29323.734999999993,37408.660999999964,36544.7800000001,60439.861288556305
2020-07-23,114837.36100000003,29011.41,37009.845999999976,36154.61400000011,58849.69885015514
2020-07-24,113687.88200000004,28694.891,36606.08599999998,35760.227000000115,58277.05785727323
2020-07-27,112550.10200000001,28393.303999999993,36606.08599999998,35760.227000000115,59337.92662894688
2020-07-28,111423.26600000003,28088.582,36213.15499999999,35760.227000000115,58578.20770213543
2020-07-29,110473.89300000001,27823.407999999992,36213.15499999999,35760.227000000115,59278.60923526191
2020-07-30,109368.64500000002,27531.924999999992,35832.850999999995,35384.92700000011,59582.04051834277
2020-07-31,108350.29200000004,27272.033,35495.89800000001,35050.99600000012,60649.753604672376
2020-08-03,109122.40300000008,27459.629000000008,35740.23600000002,35292.43900000013,61441.41266654499
2020-08-04,108164.98300000012,27194.672000000017,35395.206000000035,34951.31500000014,61699.21518525278
2020-08-05,107082.49900000007,26901.329,35013.77700000002,34951.31500000014,61852.07154590254
2020-08-06,106827.95800000012,26813.592000000015,34899.52000000003,34837.279000000155,62646.01204599379
2020-08-07,106530.18900000003,26715.450999999994,34899.52000000003,34837.279000000155,61941.047636430005
2020-08-10,105633.71900000004,26467.467999999997,34899.52000000003,34837.279000000155,61662.71217375433
2020-08-11,104576.89400000006,26191.222,34899.52000000003,34837.279000000155,60506.022996897234
2020-08-12,109011.07200000006,27295.591,36370.78900000003,36304.87900000015,62039.149479832085
2020-08-13,108450.17400000003,27131.19099999999,36370.78900000003,36304.87900000015,62164.62858185801
2020-08-14,107365.05600000003,26840.27699999999,35979.710000000036,36304.87900000015,62105.31118817304
2020-08-17,109211.37000000004,27293.445999999993,36588.18500000004,36304.87900000015,62801.1498448622
2020-08-18,108751.88100000001,27155.151999999984,36402.50600000003,36120.604000000145,63414.85672567986
2020-08-19,107796.27699999999,26893.461999999978,36051.573000000026,35772.35500000014,62999.63496988502
2020-08-20,112410.52299999999,28039.328999999976,36051.573000000026,35772.35500000014,63852.892863661255
2020-08-21,111814.69699999999,27866.928999999975,36051.573000000026,35552.11400000014,64302.33619273591
2020-08-24,111468.16899999994,27757.338999999964,36051.573000000026,35412.17600000012,64703.86931921884
2020-08-25,115547.92299999991,28765.713999999956,36051.573000000026,35412.17600000012,65208.06716554116
2020-08-26,122460.71499999992,30477.313999999962,36051.573000000026,37517.44400000013,66590.6187260449
2020-08-27,121236.24099999992,30159.241999999962,35674.548000000024,37125.33800000013,66387.57072458477
2020-08-28,120406.08399999992,29928.10999999996,35674.548000000024,37125.33800000013,66732.06789560139
2020-08-31,119336.49099999986,29638.021999999946,35674.548000000024,37125.33800000013,67300.146012046
2020-09-01,118142.85099999985,29329.973999999944,35674.548000000024,37125.33800000013,68418.05073918599
2020-09-02,116960.82099999988,29018.56899999995,35295.757000000034,36731.232000000135,69065.97919328345
2020-09-03,124622.64699999991,30915.336999999956,37597.56400000004,39131.82900000014,65525.18707793392
2020-09-04,123377.8389999999,30601.125999999953,37597.56400000004,39131.82900000014,64671.9291841577
2020-09-08,122144.36899999992,30285.559999999958,37597.56400000004,39131.82900000014,61601.1133418507
2020-09-09,121166.895,30016.71999999998,37597.56400000004,39131.82900000014,63373.790837744105
2020-09-10,119954.84599999998,29704.867999999973,37206.278000000035,39131.82900000014,62098.46687351706
2020-09-11,121397.29099999998,30058.190999999977,37206.278000000035,39131.82900000014,61703.778061690085
2020-09-14,120183.07799999998,29739.890999999978,36811.58600000003,38716.97800000014,62760.083956926435
2020-09-15,119526.23399999998,29552.02499999998,36578.738000000034,38716.97800000014,63663.53349151305
2020-09-16,118584.57499999997,29294.182999999975,36578.738000000034,38716.97800000014,62611.790472714
2020-09-17,117397.76299999999,28981.30399999998,36188.82800000004,38716.97800000014,61683.24511772221
2020-09-18,121308.20900000002,29939.868999999984,37388.05400000005,39997.784000000145,60859.64592078847
2020-09-21,120094.73300000004,29621.403999999988,36990.73100000005,39572.15300000015,61037.59810184341
2020-09-22,118892.94399999999,29304.251999999975,36990.73100000005,39572.15300000015,62157.78426720204
2020-09-23,128036.503,31549.263999999974,36990.73100000005,39572.15300000015,60248.220478189454
2020-09-24,126756.51699999998,31223.83599999997,36990.73100000005,39572.15300000015,60553.93319948896
2020-09-25,125487.87699999998,30890.721999999972,36595.51100000005,39149.64400000015,61968.424895053846
2020-09-28,124231.685,30555.120999999977,36198.26900000006,38724.24500000016,63202.68297134513
2020-09-29,123171.43099999994,30268.029999999962,36198.26900000006,38724.24500000016,62935.75469976273
2020-09-30,125066.1159999999,30725.722999999954,36198.26900000006,38724.24500000016,63444.51542252235
2020-10-01,123814.27099999992,30394.038999999957,35807.47300000006,38306.35600000017,64395.87515970068
2020-10-02,122576.17699999994,30079.419999999962,35435.93800000007,37907.94400000017,62588.97609052746
2020-10-05,128737.48599999998,31580.62599999997,37206.946000000076,37907.94400000017,63953.27614528198
2020-10-06,127760.44599999992,31314.08499999996,37206.946000000076,37907.94400000017,62755.52108048914
2020-10-07,126482.12599999996,30978.912999999968,37206.946000000076,37907.94400000017,63905.365942690274
2020-10-08,127108.5809999999,31123.343999999954,37206.946000000076,37907.94400000017,64215.641540427096
2020-10-09,131394.447,32163.334999999974,37206.946000000076,37907.94400000017,65187.53422157328
2020-10-12,130867.73699999995,32007.841999999964,37027.23400000006,37724.72200000016,67186.07410111334
2020-10-13,129558.99599999998,31674.616999999973,37027.23400000006,37332.25700000017,67174.66691002008
2020-10-14,128537.59799999991,31399.627999999957,36705.45200000004,37007.91100000015,66636.24749041795
2020-10-15,127252.35299999993,31073.94199999996,36705.45200000004,37007.91100000015,66166.27121737544
2020-10-16,126639.50699999998,30898.855999999974,36705.45200000004,37007.91100000015,65808.08541704691
2020-10-19,125731.92500000002,30651.930999999982,36705.45200000004,37007.91100000015,64722.120824968064
2020-10-20,124988.43899999998,30445.100999999977,36705.45200000004,37007.91100000015,64900.073006023005
2020-10-21,123737.63599999995,30120.786999999968,36705.45200000004,37007.91100000015,64836.19273590071
2020-10-22,122834.74299999999,29876.185999999976,36406.81800000005,36706.95300000016,64852.16280343128
2020-10-23,121606.15299999998,29563.945999999974,36025.62500000005,36321.85700000016,64995.89341120642
2020-10-26,120389.48400000003,29253.733999999986,36025.62500000005,36321.85700000016,63973.80908924987
2020-10-27,119185.276,28943.889999999978,36025.62500000005,36321.85700000016,64473.44405913489
2020-10-28,123691.74500000001,30032.22099999998,36025.62500000005,37689.10700000016,61988.957839021714
2020-10-29,122453.94000000002,29711.339999999982,36025.62500000005,37689.10700000016,63020.16791385289
2020-10-30,122453.94000000002,29711.339999999982,36025.62500000005,37689.10700000016,61532.6701952911
2020-11-02,121333.656,29413.74299999998,36025.62500000005,37689.10700000016,61610.239094725315
2020-11-03,120120.16900000004,29102.80799999999,36025.62500000005,37689.10700000016,62655.13779886841
2020-11-04,118918.59100000001,28798.400999999983,36025.62500000005,37689.10700000016,65443.05530206243
2020-11-05,117728.40200000002,28493.893999999982,36025.62500000005,37689.10700000016,67145.00821317759
2020-11-06,116551.46600000001,28199.725999999984,35652.662000000055,37298.63400000016,67220.29567439314
2020-11-09,115387.54200000002,27914.448999999986,35652.662000000055,36919.245000000155,65805.80397882825
2020-11-10,114233.10200000007,27617.149,35273.10900000008,36526.809000000176,64669.64774593903
2020-11-11,119830.65800000005,28962.450999999994,35273.10900000008,36526.809000000176,66125.20532943968
2020-11-12,118631.54800000004,28655.55899999999,34898.953000000074,36140.04100000017,65801.24110239095
2020-11-13,117811.91200000004,28433.96399999999,34898.953000000074,35860.663000000175,66405.822230334
2020-11-16,116885.17900000005,28187.24299999999,34596.07300000008,35548.949000000175,66857.5469976273
2020-11-17,116310.46700000002,28025.578999999987,34596.07300000008,35548.949000000175,66645.37324329258
2020-11-18,115862.27200000006,27894.635,34596.07300000008,35382.88200000019,66177.6784084687
2020-11-19,114755.29000000005,27605.5,34237.09500000008,35015.643000000186,66672.75050191641
2020-11-20,114439.51900000007,27506.842000000004,34237.09500000008,35015.643000000186,66243.84011680963
2020-11-23,113763.71100000016,27321.735000000022,34237.09500000008,35015.643000000186,66246.1215550283
2020-11-24,112933.7580000002,27100.110000000033,33959.32500000009,34731.3720000002,67192.91841576931
2020-11-25,112138.19100000024,26887.46400000004,33692.6460000001,34458.883000000205,67626.39167731338
2020-11-27,113158.04900000025,27124.70400000004,33692.6460000001,34458.883000000205,68281.1644460668
2020-11-30,112688.12800000024,26990.402000000042,33692.6460000001,34458.883000000205,68297.13451359737
2020-12-01,111560.87500000026,26703.501000000047,33692.6460000001,34458.883000000205,69278.15294761819
2020-12-02,110444.76000000026,26420.214000000047,33692.6460000001,34458.883000000205,69321.5002737726
2020-12-03,109371.05100000024,26143.068000000043,33692.6460000001,34458.883000000205,69399.0691732068
2020-12-04,108534.99200000026,25922.56400000005,33408.68300000011,34168.51000000021,69720.75196203688
2020-12-07,110505.98300000024,26386.655000000046,33408.68300000011,34168.51000000021,70099.47070633328
2020-12-08,110014.60200000028,26248.711000000054,33408.68300000011,34168.51000000021,70316.2073371053
2020-12-09,108914.00700000026,25969.12600000005,33408.68300000011,34168.51000000021,68762.54791020259
2020-12-10,107825.46700000024,25699.670000000046,33408.68300000011,34168.51000000021,68997.53604672385
2020-12-11,106746.84300000027,25425.848000000056,33052.32600000012,33804.38500000023,68883.4641357912
2020-12-14,107336.37600000021,25559.513000000043,33052.32600000012,33804.38500000023,69316.93739733528
2020-12-15,106620.46500000014,25369.370000000028,32806.22500000009,33552.574000000204,70097.18926811463
2020-12-16,105814.61800000016,25157.840000000033,32806.22500000009,33552.574000000204,70498.72239459756
2020-12-17,105038.05800000016,24954.027000000035,32806.22500000009,33552.574000000204,70952.7286001095
2020-12-18,106872.7080000001,25382.50700000002,32806.22500000009,34129.68300000019,70690.36320496442
2020-12-21,105803.32100000011,25118.08200000002,32806.22500000009,33774.59800000019,70498.72239459756
2020-12-22,104744.62700000014,24849.000000000025,32454.2800000001,33412.852000000195,70667.54882277788
2020-12-23,103696.23700000014,24583.638000000028,32454.2800000001,33412.852000000195,70304.80014601206
2020-12-24,104030.14600000014,24656.46000000003,32454.2800000001,33412.852000000195,70583.13560868772
2020-12-28,103602.25300000014,24536.06400000003,32295.784000000105,33249.784000000196,71329.16590618725
2020-12-29,102692.20600000015,24301.752000000033,31987.874000000105,32932.8620000002,71393.04617630955
2020-12-30,103478.35500000014,24482.382000000034,32225.369000000104,33177.047000000195,71386.20186165358
2020-12-31,103027.21200000017,24356.869000000042,32060.157000000116,33007.023000000205,71543.62109874064
2021-01-04,108693.94500000018,25687.708000000042,32060.157000000116,33007.023000000205,70551.19547362658
2021-01-05,111107.33900000015,26251.531000000035,32764.34100000011,33732.6180000002,71128.39934294579
2021-01-06,109996.38200000016,25979.37100000004,32764.34100000011,33732.6180000002,70170.19529111152
2021-01-07,115093.44800000015,27174.666000000037,32764.34100000011,35284.5420000002,71874.42964044535
2021-01-08,113941.43000000014,26884.551000000032,32414.361000000103,34906.93200000019,72798.41211899981
2021-01-11,112801.47600000017,26598.96400000004,32070.007000000114,34536.8030000002,71707.88465048367
2021-01-12,111672.60100000018,26313.52000000004,32070.007000000114,34536.8030000002,71634.87862748677
2021-01-13,111188.38100000023,26179.58600000005,31906.800000000123,34360.764000000214,72093.44770943603
2021-01-14,110386.69700000016,25971.356000000033,31653.138000000105,34087.541000000194,71694.19602117175
2021-01-15,109319.01400000017,25700.426000000036,31323.096000000107,34087.541000000194,71158.05803978827
2021-01-19,108428.66500000011,25471.900000000023,31323.096000000107,34087.541000000194,72191.54955283811
2021-01-20,113057.99100000013,26552.78200000003,32652.105000000112,35532.1160000002,73856.99945245482
2021-01-21,111927.26000000014,26274.15000000003,32652.105000000112,35532.1160000002,74491.23927724037
2021-01-22,111499.32400000014,26154.31700000003,32652.105000000112,35532.1160000002,74253.96970250047
2021-01-25,110383.45800000013,25876.853000000025,32306.32600000011,35155.8580000002,74911.02390947254
2021-01-26,109872.53700000014,25738.379000000026,32133.45400000011,34967.551000000196,74968.05986493887
2021-01-27,111342.14500000014,26077.718000000026,32133.45400000011,34967.551000000196,72948.98704143093
2021-01-28,110646.75700000013,25895.393000000025,32133.45400000011,34967.551000000196,73318.58003285271
2021-01-29,109718.09300000018,25659.28000000004,32133.45400000011,34967.551000000196,71803.70505566709
2021-02-01,108620.63100000021,25386.673000000046,31792.44000000012,34595.9070000002,73569.53823690455
2021-02-02,111003.57900000016,25936.832000000035,32482.350000000104,35345.963000000185,74778.70049279065
2021-02-03,115177.93200000019,26903.638000000043,32482.350000000104,35345.963000000185,74450.17338930462
2021-02-04,114025.82500000017,26620.256000000038,32482.350000000104,35345.963000000185,75355.90436210987
2021-02-05,112884.8620000002,26335.136000000042,32482.350000000104,34967.28800000019,75606.8625661617
2021-02-08,111987.88500000024,26107.300000000054,32482.350000000104,34664.468000000204,76106.49753604672
2021-02-09,112255.3410000003,26163.327000000067,32551.981000000123,34738.932000000226,76081.40171564154
2021-02-10,114828.72000000025,26755.815000000053,32551.981000000123,34738.932000000226,75910.29384924256
2021-02-11,114703.7770000002,26707.495000000043,32493.24200000011,34676.26700000021,76327.79704325607
2021-02-12,113697.19000000026,26454.375000000055,32184.752000000128,34676.26700000021,76761.27030480014
2021-02-16,113062.28200000022,26288.172000000046,32184.752000000128,34676.26700000021,76544.5336740281
2021-02-17,112340.12200000026,26101.416000000056,31956.035000000138,34429.820000000225,76186.34787369957
2021-02-18,111400.36200000027,25864.100000000057,31666.14900000014,34117.40400000023,75844.13214090162
2021-02-19,114431.74600000025,26561.29000000005,32520.76900000013,35037.24500000022,75524.73079029021
2021-02-22,113287.66900000027,26283.313000000056,32520.76900000013,35037.24500000022,73562.69392224858
2021-02-23,112154.7310000003,26011.546000000064,32520.76900000013,35037.24500000022,73355.08304435115
2021-02-24,111422.20500000034,25822.14000000007,32284.302000000138,34782.18600000023,73950.53841941961
2021-02-25,110307.67400000032,25555.385000000064,31950.428000000134,34422.49700000022,71342.85453549917
2021-02-26,109203.8960000003,25280.72600000006,31606.88900000013,34052.26700000022,71710.16608870232
2021-03-01,108463.80800000027,25090.810000000056,31606.88900000013,34052.26700000022,73829.62219383099
2021-03-02,115430.46800000026,26696.300000000054,31606.88900000013,34052.26700000022,72634.1485672568
2021-03-03,114513.62500000026,26464.124000000054,31332.562000000133,33756.51900000022,70535.22540609601
2021-03-04,113368.43200000026,26194.283000000054,31332.562000000133,33756.51900000022,69376.25479102026
2021-03-05,112234.22900000025,25926.186000000052,31011.69000000013,33410.31500000021,70434.84212447527
2021-03-08,111113.27900000026,25660.882000000052,31011.69000000013,33410.31500000021,68424.89505384194
2021-03-09,110002.00000000029,25391.29300000006,30685.47500000014,33059.48000000022,71132.9622193831
2021-03-10,108901.12000000029,25125.160000000058,30685.47500000014,33059.48000000022,70934.47709436029
2021-03-11,107812.27000000031,24862.324000000062,30685.47500000014,33059.48000000022,72579.39405000913
2021-03-12,106833.93400000034,24617.91700000007,30685.47500000014,33059.48000000022,71974.81292206608
2021-03-15,106019.57900000032,24411.685000000063,30685.47500000014,32782.52100000021,72750.5019164081
2021-03-16,104959.11300000032,24155.40800000006,30363.06200000014,32437.66900000021,73147.47216645374
2021-03-17,103909.53300000033,23900.933000000063,30363.06200000014,32437.66900000021,73450.90344953458
2021-03-18,103057.37400000029,23686.922000000053,30363.06200000014,32147.581000000195,71183.15386019347
2021-03-19,102026.1000000003,23437.043000000056,30363.06200000014,32147.581000000195,71504.83664902355
2021-03-22,104175.64100000028,23926.35200000005,30363.06200000014,32147.581000000195,72698.02883737908
2021-03-23,103260.8360000003,23698.813000000053,30073.882000000143,31841.6590000002,72326.15440773864
2021-03-24,110242.87600000028,25294.54700000005,32095.545000000136,33983.30200000019,71126.11790472714
2021-03-25,109139.10500000027,25022.79500000005,31750.629000000135,33618.35300000019,71025.7346231064
2021-03-26,108046.48600000024,24753.67500000004,31750.629000000135,33255.88200000018,72095.72914765468
2021-03-29,106964.86500000021,24488.574000000033,31410.82600000013,32899.68100000017,72063.78901259354
2021-03-30,105894.8790000002,24231.68700000003,31080.720000000125,32554.68300000017,71728.41759445153
2021-03-31,109455.28000000016,25039.22100000002,32117.84700000011,32554.68300000017,72766.47198393868
2021-04-01,110969.28700000017,25378.81200000002,32554.150000000114,32996.48100000017,74044.07738638438
2021-04-05,115791.73200000018,26472.36300000002,32554.150000000114,32996.48100000017,75533.85654316482
2021-04-06,115005.21000000018,26273.64300000002,32309.47600000011,32748.702000000165,75465.41339660522
2021-04-07,113854.36700000019,25994.36400000002,32309.47600000011,32748.702000000165,75657.05420697208
2021-04-08,113105.00700000017,25804.954000000016,32073.630000000107,32509.80100000016,76457.8390217193
2021-04-09,112493.45100000019,25647.05500000002,32073.630000000107,32509.80100000016,76907.28235079395
2021-04-12,112117.19200000016,25543.05000000001,31943.709000000094,32377.834000000148,76811.46194561051
2021-04-13,114949.22800000013,26180.869000000006,31943.709000000094,32377.834000000148,77708.06716554116
2021-04-14,120158.87800000016,27359.44200000001,33383.3340000001,33836.654000000155,76768.1146194561
2021-04-15,122234.57500000011,27824.571,33951.342000000084,34411.907000000145,77931.64811096915
2021-04-16,121012.39700000016,27534.68700000001,33951.342000000084,34411.907000000145,78022.90563971527
2021-04-19,119801.47400000013,27245.31,33594.81000000008,34050.49100000014,77322.50410658879
2021-04-20,118602.43300000014,26954.541,33236.28900000008,34050.49100000014,76727.04873152035
2021-04-21,117864.69700000016,26768.040000000008,33236.28900000008,34050.49100000014,77409.1987588976
2021-04-22,117181.22500000015,26593.924000000006,33020.29700000007,33828.98900000014,76478.37196568718
2021-04-23,120786.90400000013,27406.002,34028.672000000064,34861.56500000013,77438.8574557401
2021-04-26,120102.4410000001,27231.799999999996,34028.672000000064,34861.56500000013,77954.46249315569
2021-04-27,122559.7860000001,27781.621999999996,34716.814000000064,35565.268000000135,77584.86950173389
2021-04-28,121333.55000000012,27486.553,34716.814000000064,35565.268000000135,77286.00109509035
2021-04-29,123757.34000000008,28028.53399999999,35401.51100000005,35565.268000000135,77619.09107501368
2021-04-30,122921.3960000001,27819.67299999999,35137.753000000055,35565.268000000135,77087.51597006753
2021-05-03,122092.8750000001,27612.704999999994,34875.88800000006,35565.268000000135,76685.9828435846
2021-05-04,124178.23100000012,28080.504999999997,34875.88800000006,35565.268000000135,75321.68278883008
2021-05-05,123609.39800000012,27931.888,34691.10900000006,35376.961000000134,75050.19164081036
2021-05-06,122372.75600000011,27641.394999999997,34329.066000000064,35007.76300000013,75636.5212630042
2021-05-07,121148.43500000013,27351.607,33969.37300000007,34640.444000000134,76234.25807629128
2021-05-10,124017.23000000011,27995.231999999996,34767.468000000066,35453.98600000013,74285.9098375616
2021-05-11,122836.15800000013,27707.881999999998,34767.468000000066,35453.98600000013,74217.466691002
2021-05-12,121606.99300000015,27418.094,34767.468000000066,35453.98600000013,72301.05858733346
2021-05-13,120861.65500000013,27229.652,34767.468000000066,35453.98600000013,72857.7295126848
2021-05-14,119652.29700000008,26937.72799999999,34767.468000000066,35453.98600000013,74454.73626574193
2021-05-17,118602.86100000002,26681.755999999976,34436.70900000005,35117.05900000011,74018.9815659792
2021-05-18,117521.00100000009,26419.02799999999,34436.70900000005,35117.05900000011,73496.53221390765
2021-05-19,121419.59700000011,27288.247999999996,35571.524000000056,36276.01900000012,73601.47837196568
2021-05-20,125459.1920000001,28190.980999999992,36748.50500000005,37475.85400000011,75029.6586968425
2021-05-21,130561.51300000004,29329.579999999976,36748.50500000005,37475.85400000011,74596.18543529842
2021-05-24,134740.21900000004,30261.060999999976,36748.50500000005,38666.228000000105,75864.6650848695
2021-05-25,136001.5160000001,30537.945999999985,37084.28300000006,39019.58600000012,75960.48549005293
2021-05-26,135576.3470000001,30420.780999999988,37084.28300000006,39019.58600000012,76211.44369410476
2021-05-27,134272.31900000016,30106.516000000003,36701.13800000008,38616.63800000014,75937.67110786641
2021-05-28,133708.26200000013,29958.555999999997,36701.13800000008,38616.63800000014,76152.1263004198
2021-06-01,133164.36700000017,29815.399000000005,36701.13800000008,38616.63800000014,75933.1082314291
2021-06-02,132124.7200000002,29561.572000000015,36388.29800000009,38616.63800000014,76067.71308632962
2021-06-03,131547.84200000018,29411.27500000001,36203.058000000085,38616.63800000014,75257.80251870779
2021-06-04,136039.4840000001,30407.545,37428.77200000007,38616.63800000014,76590.16243840117
2021-06-07,135420.7400000001,30247.903,37428.77200000007,38616.63800000014,76772.67749589341
2021-06-08,134810.3780000001,30090.466,37233.85000000007,38415.54200000014,76802.33619273591
2021-06-09,134123.3640000001,29916.160999999996,37017.81000000007,38415.54200000014,76847.96495710897
2021-06-10,136208.66000000012,30375.851000000002,37017.81000000007,38415.54200000014,77651.03121007483
2021-06-11,135630.6990000002,30225.55400000002,36834.67500000009,38225.67100000016,77844.95345866034
2021-06-14,134292.66800000015,29906.600000000006,36834.67500000009,38225.67100000016,78593.26519437853
2021-06-15,132948.69800000012,29589.095,36834.67500000009,38225.67100000016,78068.53440408834
2021-06-16,132435.64800000004,29454.199999999986,36666.936000000074,38051.676000000145,77783.35462675671
2021-06-17,137517.066,30575.297999999973,36666.936000000074,39502.25700000013,78787.18744296404
2021-06-18,136140.966,30255.413999999975,36282.813000000075,39502.25700000013,78164.35480927177
2021-06-21,134779.80599999998,29942.594999999972,35908.91100000007,39095.03700000013,78549.91786822413
2021-06-22,138020.75899999993,30656.977999999963,35908.91100000007,39095.03700000013,79284.5409746304
2021-06-23,136639.73299999995,30332.464999999964,35908.91100000007,39095.03700000013,79316.48110969155
2021-06-24,136013.772,30172.958999999973,35908.91100000007,39095.03700000013,79816.11607957656
2021-06-25,135174.68099999995,29966.214999999967,35908.91100000007,39095.03700000013,79729.42142726775
2021-06-28,137240.97599999997,30419.078999999972,35908.91100000007,39095.03700000013,80689.90691732068
2021-06-29,136789.053,30298.334999999985,35908.91100000007,39095.03700000013,80981.93100930827
2021-06-30,135444.22900000002,29979.932999999983,35531.85600000007,39095.03700000013,80861.01478371966
2021-07-01,134088.693,29660.83099999998,35531.85600000007,39095.03700000013,80897.51779521811
2021-07-02,137048.09999999995,30307.89899999997,35531.85600000007,39095.03700000013,81819.21883555394
2021-07-06,136224.157,30105.96299999998,35531.85600000007,39095.03700000013,82170.5603212265
2021-07-07,136822.58100000003,30233.418999999987,35531.85600000007,39095.03700000013,82321.1352436576
2021-07-08,135453.054,29911.650999999983,35531.85600000007,39095.03700000013,81871.69191458296
2021-07-09,134786.703,29744.817999999985,35333.46000000007,39095.03700000013,82359.9196933747
2021-07-12,134695.996,29718.249999999985,35301.87000000007,39060.12600000013,82683.88392042344
2021-07-13,134218.66900000002,29593.28199999999,35153.66100000007,38895.91500000013,82667.91385289286
2021-07-14,133099.99900000004,29327.27799999999,34837.576000000074,38546.16900000013,82809.36302244935
2021-07-15,133949.17200000002,29510.48499999999,34837.576000000074,38546.16900000013,82227.59627669283
2021-07-16,132617.49400000006,29198.159999999996,34837.576000000074,38546.16900000013,81584.23069903268
2021-07-19,131291.21000000008,28892.959,34474.37300000007,38142.91700000013,80911.20642453003
2021-07-20,129977.41400000005,28590.642999999993,34474.37300000007,38142.91700000013,81844.31465595911
2021-07-21,133888.26500000004,29442.564999999988,35503.10900000007,39281.49200000013,82462.58441321409
2021-07-22,136102.28800000003,29921.760999999988,36081.39800000007,39921.89900000013,83030.6625296587
2021-07-23,134740.351,29605.968999999983,36081.39800000007,39921.89900000013,83972.8965139624
2021-07-26,133637.13199999998,29344.826999999983,36081.39800000007,39921.89900000013,84064.15404270853
2021-07-27,137728.296,30235.96199999999,37176.22100000008,39921.89900000013,83144.73444059135
2021-07-28,136506.119,29948.53199999999,36822.595000000074,39541.27200000013,83452.7286001095
2021-07-29,136736.49200000003,29993.36999999999,36822.595000000074,39541.27200000013,83612.42927541523
2021-07-30,138873.50600000005,30455.039999999997,37389.19000000008,40149.83700000014,83160.70450812193
2021-08-02,138052.8090000001,30255.50800000001,37143.9820000001,39886.599000000155,83162.98594634057
2021-08-03,136977.06600000014,30000.307000000015,36830.18500000011,39549.672000000166,83676.30954553752
2021-08-04,136139.49300000013,29797.240000000016,36830.18500000011,39549.672000000166,83806.35152400073
2021-08-05,135916.16400000016,29729.087000000025,36830.18500000011,39549.672000000166,84360.74101113342
2021-08-06,134555.97300000014,29412.958000000024,36437.749000000105,39549.672000000166,83970.61507574376
2021-08-09,134452.31300000014,29371.169000000027,36386.00400000011,39493.473000000165,84116.62712173755
2021-08-10,133795.20600000015,29208.67100000003,36386.00400000011,39493.473000000165,83694.56105128673
2021-08-11,132791.87400000016,28970.604000000032,36386.00400000011,39493.473000000165,83553.11188173025
2021-08-12,132092.98100000012,28799.107000000025,36386.00400000011,39493.473000000165,83863.38747946706
2021-08-13,131588.59400000016,28670.464000000036,36386.00400000011,39317.15400000018,84144.00438036138
2021-08-16,131058.06400000014,28536.423000000035,36215.75900000011,39317.15400000018,84178.22595364117
2021-08-17,130684.31200000008,28436.59200000002,36088.96400000009,39179.44500000016,83434.47709436029
2021-08-18,129967.88200000009,28262.121000000017,36088.96400000009,39179.44500000016,82633.69227961307
2021-08-19,132869.79400000014,28886.144000000026,36088.96400000009,39179.44500000016,83037.50684431466
2021-08-20,131836.00000000017,28642.50800000003,35784.419000000096,38849.45700000017,83899.89049096551
2021-08-23,137314.25300000014,29826.398000000023,35784.419000000096,38849.45700000017,85143.27432013142
2021-08-24,136254.38300000018,29577.25900000003,35784.419000000096,38849.45700000017,85414.76546815112
2021-08-25,135584.55000000013,29413.14400000002,35585.918000000085,38849.45700000017,85455.83135608688
2021-08-26,134945.98200000013,29255.83000000002,35585.918000000085,38641.54200000017,84960.75926263917
2021-08-27,134366.5370000001,29111.537000000008,35585.918000000085,38641.54200000017,85802.60996532215
2021-08-30,138321.05400000006,29961.308999999997,36626.061000000074,39769.97300000016,86767.65833181237
2021-08-31,137628.4770000001,29807.089000000007,36626.061000000074,39769.97300000016,86671.83792662894
2021-09-01,136314.81500000015,29504.137000000017,36626.061000000074,39769.97300000016,86829.25716371601
2021-09-02,135970.90800000014,29411.429000000015,36626.061000000074,39644.75700000016,86790.47271399891
2021-09-03,135668.5450000001,29327.419,36521.45500000006,39644.75700000016,87057.4009855813
2021-09-07,134429.11200000008,29041.602,36521.45500000006,39644.75700000016,87178.31721116992
2021-09-08,134653.46100000013,29083.858000000007,36521.45500000006,39644.75700000016,86884.01168096368
2021-09-09,133762.48900000015,28873.79400000001,36521.45500000006,39644.75700000016,86564.61033035225
2021-09-10,132920.4880000002,28674.17200000002,36268.953000000074,39370.44200000017,85898.43037050556
2021-09-13,136300.31500000015,29395.650000000012,37183.94000000006,40361.87700000015,85864.20879722577
2021-09-14,140108.39200000014,30210.159000000007,38213.20700000005,40361.87700000015,85594.99908742472
2021-09-15,138706.58500000014,29893.656000000006,37811.63600000006,40361.87700000015,86240.64610330353
2021-09-16,137318.9460000002,29578.657000000017,37811.63600000006,40361.87700000015,86315.93356451907
2021-09-17,140821.38200000022,30326.908000000025,38767.89500000006,41384.58300000016,85284.7234896879
2021-09-20,139412.75600000023,30009.646000000026,38767.89500000006,41384.58300000016,83459.57291476546
2021-09-21,138018.26600000024,29693.58900000003,38767.89500000006,41384.58300000016,83505.20167913852
2021-09-22,136637.41400000025,29378.157000000032,38767.89500000006,41384.58300000016,84310.54937032305
2021-09-23,135269.87600000028,29065.758000000034,38767.89500000006,41384.58300000016,85077.11261179048
2021-09-24,138578.07800000024,29769.69500000003,39705.728000000054,42387.63700000015,85172.9330169739
2021-09-27,137192.65500000023,29460.617000000027,39293.624000000054,41947.43500000015,84493.06442781529
2021-09-28,143449.9630000002,30795.68600000002,41075.489000000045,41947.43500000015,82097.5542982296
2021-09-29,142289.86600000015,30526.746000000014,41075.489000000045,41947.43500000015,81983.48238729696
2021-09-30,140865.79900000014,30203.03800000001,40640.375000000044,41502.86200000015,81613.88939587516
2021-10-01,139456.4080000001,29887.813000000006,40640.375000000044,41069.95300000014,82188.81182697573
2021-10-04,145527.3160000001,31179.964000000004,42401.49200000004,41069.95300000014,80466.32597189269
2021-10-05,144556.30300000016,30950.812000000013,42090.31400000006,40768.540000000154,81534.0390582223
2021-10-06,143109.78100000013,30625.27400000001,42090.31400000006,40768.540000000154,82056.48841029385
2021-10-07,142212.95500000013,30430.22600000001,42090.31400000006,40508.476000000155,82800.23726957475
2021-10-08,143347.5810000001,30669.756,42421.42900000005,40826.91000000014,82382.73407556124
2021-10-11,141914.14200000005,30349.256999999994,41977.55800000004,40826.91000000014,81764.46431830626
2021-10-12,140494.19600000005,30033.934999999994,41542.03900000004,40826.91000000014,81481.56597919328
2021-10-13,139289.8940000001,29756.381,41158.11700000005,40449.63600000015,82131.7758715094
2021-10-14,138291.91100000002,29523.88399999999,40836.034000000036,40449.63600000015,83637.52509582041
2021-10-15,136908.40899999999,29213.86799999998,40836.034000000036,40449.63600000015,84182.78883007848
2021-10-18,135833.39800000002,28965.50999999999,40836.034000000036,40449.63600000015,85017.7952181055
2021-10-19,135046.243,28779.199999999986,40836.034000000036,40449.63600000015,85654.3164811097
2021-10-20,134455.63599999994,28635.07399999998,40836.034000000036,40449.63600000015,85549.37032305165
2021-10-21,138762.19999999995,29546.64799999998,42134.87800000003,40449.63600000015,86074.10111334185
2021-10-22,137654.47499999995,29291.99399999998,42134.87800000003,40449.63600000015,85332.63369227962
2021-10-25,136540.37099999987,29036.662999999964,41767.070000000014,40096.60600000013,86222.3945975543
2021-10-26,135174.0299999999,28731.319999999974,41327.05100000003,39674.002000000146,86448.25698120095
2021-10-27,134887.80599999992,28652.497999999978,41327.05100000003,39674.002000000146,86683.24511772221
2021-10-28,134194.5139999999,28487.197999999975,41327.05100000003,39445.337000000145,87652.85636064975
2021-10-29,140834.14699999988,29887.499999999967,41327.05100000003,39445.337000000145,88081.76674575653
2021-11-01,139797.5089999999,29649.260999999973,40997.06300000004,39130.76900000015,88389.76090527468
2021-11-02,142814.02499999994,30282.37499999998,40997.06300000004,39130.76900000015,88773.0425260084
2021-11-03,141800.32799999995,30048.813999999984,40680.892000000036,38828.86700000015,89715.2765103121
2021-11-04,141482.53,29963.389999999992,40680.892000000036,38828.86700000015,90860.55849607593
2021-11-05,140576.15600000002,29753.790999999997,40680.892000000036,38828.86700000015,90931.28308085418
2021-11-08,139208.98799999998,29446.55299999999,40680.892000000036,38828.86700000015,90814.92973170287
2021-11-09,144243.54299999992,30505.307999999975,42141.61500000002,40224.988000000136,90182.97134513597
2021-11-10,142800.14299999995,30182.371999999985,41695.39600000003,39799.498000000145,88859.73717831721
2021-11-11,145099.16699999993,30660.98499999998,42357.97100000002,39799.498000000145,89117.539697025
2021-11-12,144386.32499999998,30491.65199999999,42124.259000000035,39579.85200000016,90050.6479284541
2021-11-15,143364.267,30257.263999999996,42124.259000000035,39579.85200000016,90032.39642270487
2021-11-16,146515.23299999998,30917.251999999993,42124.259000000035,39579.85200000016,90687.16919145829
2021-11-17,145968.37899999996,30783.210999999992,41941.94600000003,39579.85200000016,90721.3907647381
2021-11-18,144577.06599999996,30471.822999999997,41517.32600000004,39579.85200000016,91656.78043438584
2021-11-19,143556.781,30238.981000000003,41517.32600000004,39579.85200000016,92163.25971892681
2021-11-22,142439.09799999997,29986.233999999997,41517.32600000004,39579.85200000016,91106.95382369046
2021-11-23,141014.216,29674.968,41085.180000000044,39168.86000000016,90682.606315021
2021-11-24,139603.84399999998,29366.724000000002,41085.180000000044,39168.86000000016,91004.28910385107
2021-11-26,138207.566,29061.591000000004,41085.180000000044,38762.543000000165,89124.38401168096
2021-11-29,136824.60400000002,28756.55100000001,41085.180000000044,38762.543000000165,91170.83409381274
2021-11-30,135589.33299999998,28479.783,41085.180000000044,38762.543000000165,89811.09691549552
2021-12-01,134233.86699999994,28185.50999999999,40659.93000000004,38361.10700000016,88303.06625296587
2021-12-02,132890.84599999993,27889.87099999999,40659.93000000004,38361.10700000016,88960.12045993794
2021-12-03,131561.51799999992,27594.91299999999,40659.93000000004,37954.74400000016,87426.9939770031
2021-12-06,130247.33499999993,27315.94899999999,40248.12600000004,37569.50800000016,88131.9583865669
2021-12-07,135600.11299999995,28431.981999999993,41891.95800000004,39104.55700000017,90789.83391129768
2021-12-08,134342.94799999995,28151.415999999987,41891.95800000004,39104.55700000017,91170.83409381274
2021-12-09,132998.63799999995,27857.91499999999,41891.95800000004,38695.60300000017,89829.34842124475
2021-12-10,131668.908,27567.449999999997,41891.95800000004,38695.60300000017,90814.92973170287
2021-12-13,136612.56,28597.085,43457.96100000005,40141.88100000017,89487.1326884468
2021-12-14,135246.06299999997,28296.718999999994,43457.96100000005,40141.88100000017,88604.21609782807
2021-12-15,133892.99399999998,28001.108,43004.037000000055,39722.98200000018,90584.50447161891
2021-12-16,133151.34799999997,27829.416999999998,42740.08500000005,39479.193000000174,88259.71892681146
2021-12-17,131820.08399999994,27542.61999999999,42740.08500000005,39479.193000000174,87817.11991239278
2021-12-20,130901.95499999999,27333.530000000002,42415.63500000007,39179.25700000019,86840.66435480927
2021-12-21,130818.75099999999,27299.166,42415.63500000007,39179.25700000019,88798.13834641359
2021-12-22,130090.56499999996,27130.284999999996,42415.63500000007,39179.25700000019,89870.4143091805
2021-12-23,132749.58799999993,27678.01099999999,42415.63500000007,39179.25700000019,90573.09728052565
2021-12-27,135478.80799999993,28241.60899999999,42415.63500000007,39179.25700000019,92035.49917868224
2021-12-28,138067.52599999995,28774.21999999999,42415.63500000007,39179.25700000019,91647.65468151122
2021-12-29,137188.07399999996,28573.733999999993,42415.63500000007,39179.25700000019,91622.55886110604
2021-12-30,135815.98899999994,28272.78699999999,42415.63500000007,39179.25700000019,91289.46888118269
2021-12-31,134457.83899999995,27976.187999999987,42415.63500000007,39179.25700000019,90700.85782077021
2022-01-03,133113.38599999994,27684.993999999988,42415.63500000007,39179.25700000019,91663.6247490418
2022-01-04,141327.06099999993,29384.218999999983,45023.17300000006,41589.067000000185,90456.74393137434
2022-01-05,139915.28499999995,29085.409999999985,44563.66000000006,41164.70800000019,87641.4491695565
2022-01-06,138517.00299999997,28789.309999999987,44563.66000000006,41164.70800000019,87614.07191093266
2022-01-07,137131.98999999996,28494.874999999985,44563.66000000006,41164.70800000019,86651.30498266107
2022-01-10,135762.08899999998,28202.61399999999,44563.66000000006,41164.70800000019,86772.22120824968
2022-01-11,134403.79399999994,27905.65599999998,44094.05200000005,40730.78100000018,88040.70085782078
2022-01-12,133059.52799999996,27615.37999999999,44094.05200000005,40730.78100000018,88387.47946705604
2022-01-13,132414.72899999993,27464.575999999983,43853.509000000035,40508.29200000017,86158.51432743201
2022-01-14,137075.12799999994,28423.477999999985,45388.55800000004,41926.500000000175,86708.3409381274
2022-01-18,135704.50699999995,28131.28899999999,45388.55800000004,41495.08000000018,84595.72914765468
2022-01-19,135323.9689999999,28034.346999999976,45388.55800000004,41495.08000000018,83621.55502828983
2022-01-20,133969.74499999982,27736.101999999963,45388.55800000004,41495.08000000018,82499.08742471255
2022-01-21,132630.26399999982,27452.12799999996,44925.23200000004,41071.610000000175,80178.8647563424
2022-01-24,131303.12299999976,27161.14299999995,44925.23200000004,41071.610000000175,80667.09253513414
2022-01-25,129988.89799999978,26871.087999999952,44445.92800000004,40633.19900000018,78693.64847599927
2022-01-26,128689.78099999976,26594.045999999948,44445.92800000004,40633.19900000018,78705.05566709254
2022-01-27,127403.18199999975,26320.293999999947,44445.92800000004,40633.19900000018,77801.60613250593
2022-01-28,126131.62599999976,26055.34299999995,44445.92800000004,40633.19900000018,80295.21810549371
2022-01-31,130727.66799999974,26994.660999999945,46057.50300000003,42106.63900000018,82880.0876072276
2022-02-01,129419.77899999976,26712.19699999995,46057.50300000003,42106.63900000018,83386.56689176857
2022-02-02,128125.02399999976,26431.118999999948,46057.50300000003,41663.76400000018,84080.12411023909
2022-02-03,126981.19599999973,26177.984999999946,46057.50300000003,41663.76400000018,80671.65541157145
2022-02-04,125713.27699999973,25910.129999999946,46057.50300000003,41663.76400000018,81673.20678956014
2022-02-07,124455.62499999971,25637.286999999942,45572.709000000024,41224.63900000017,81029.84121189998
2022-02-08,123210.49299999974,25369.08699999995,45095.31300000003,40792.83700000018,81949.26081401715
2022-02-09,122287.73799999981,25162.34799999996,44727.77700000005,40460.8690000002,83676.30954553752
2022-02-10,121065.0829999998,24899.90199999996,44727.77700000005,40038.98000000019,81778.15294761817
2022-02-11,120483.66399999986,24763.89499999997,44483.25900000008,39819.99400000022,79202.4091987589
2022-02-14,119278.14799999987,24504.978999999974,44483.25900000008,39819.99400000022,79318.7625479102
2022-02-15,118085.37799999987,24250.260999999973,44483.25900000008,39819.99400000022,81267.1107866399
2022-02-16,117335.88199999987,24080.10699999997,44483.25900000008,39819.99400000022,81221.48202226683
2022-02-17,116656.25199999988,23924.794999999973,44483.25900000008,39819.99400000022,78819.12757802519
2022-02-18,115490.22999999986,23676.97099999997,44483.25900000008,39819.99400000022,77931.64811096915
2022-02-22,114861.42599999982,23531.611999999957,44483.25900000008,39819.99400000022,77133.14473444059
2022-02-23,113784.88199999981,23294.836999999956,44483.25900000008,39819.99400000022,75152.85636064976
2022-02-24,120139.49699999981,24583.36899999996,44483.25900000008,39819.99400000022,77710.3486037598
2022-02-25,119772.00899999983,24490.920999999962,44316.018000000084,39670.40800000022,78908.10366855266
2022-02-28,118573.78599999979,24236.418999999954,43855.71500000007,39258.80600000021,79200.12776054024
2022-03-01,117388.82199999978,23985.102999999952,43401.413000000066,38851.2230000002,77924.8037963132
2022-03-02,116215.03999999978,23736.90399999995,43401.413000000066,38851.2230000002,79206.9720751962
2022-03-03,127127.90899999984,25953.412999999964,47466.37600000009,42490.87800000022,78084.50447161891
2022-03-04,126513.8749999998,25809.757999999958,47203.55800000008,42255.84900000021,76964.31830626026
2022-03-07,135840.61899999983,27705.599999999966,50671.26900000009,45363.59000000022,74107.95765650667
2022-03-08,134482.01699999985,27420.05899999997,50149.35300000009,44896.513000000225,73754.33473261543
2022-03-09,133137.22699999987,27135.70799999997,50149.35300000009,44896.513000000225,76439.58751597007
2022-03-10,131805.5599999999,26851.21499999998,50149.35300000009,44896.513000000225,75611.42544259902
2022-03-11,141889.22299999994,28896.239999999983,53975.822000000095,48323.06600000023,73996.16718379266
2022-03-14,140470.37699999995,28594.392999999985,53412.4670000001,47818.133000000234,72597.64555575834
2022-03-15,139263.19999999987,28327.787999999968,52913.803000000065,47372.0390000002,74872.23945975544
2022-03-16,137869.59999999986,28025.212999999967,52913.803000000065,47372.0390000002,77657.87552473079
2022-03-17,143745.23899999986,29212.92199999997,55159.22300000007,49381.099000000206,78563.60649753605
2022-03-18,142307.73799999987,28906.791999999972,55159.22300000007,49381.099000000206,80190.27194743567
2022-03-21,140884.37899999987,28601.421999999973,55159.22300000007,49381.099000000206,79877.7149114802
2022-03-22,148289.79499999987,30095.397999999976,58045.313000000075,49381.099000000206,81438.21865303887
2022-03-23,146805.54199999993,29775.810999999987,57429.0410000001,48857.47600000023,80270.12228508852
2022-03-24,145657.09999999992,29522.723999999987,56940.8910000001,48442.17300000023,82049.6440956379
2022-03-25,144199.91199999995,29211.230999999992,56339.584000000104,47931.00500000024,81985.7638255156
2022-03-28,142757.5059999999,28905.482999999986,56339.584000000104,47429.47100000022,83272.49498083592
2022-03-29,141330.4719999999,28606.019999999982,56339.584000000104,47429.47100000022,84682.4237999635
2022-03-30,140274.6239999999,28373.96099999998,55882.22500000011,47044.95900000022,83772.12995072093
2022-03-31,138872.08999999994,28078.289999999986,55299.70900000012,46555.116000000235,82588.06351524
2022-04-01,139577.31199999998,28215.803999999996,55570.82400000014,46783.18800000025,82562.96769483482
2022-04-04,149105.17499999996,30131.293999999994,59352.372000000134,46783.18800000025,84246.66910020077
2022-04-05,148633.464,30016.517000000007,59352.372000000134,46783.18800000025,82389.5783902172
2022-04-06,147145.87499999997,29699.429,58724.80200000012,46288.83900000024,80573.55356816937
2022-04-07,145674.45299999998,29394.806,58724.80200000012,46288.83900000024,80792.57163716007
2022-04-08,144218.16299999994,29090.136999999995,58113.93300000011,45808.10500000023,79647.28965139625
2022-04-11,142776.06299999994,28785.774999999994,58113.93300000011,45329.62600000023,77769.6659974448
2022-04-12,141347.51999999996,28480.539999999997,57498.10800000011,44849.81800000023,77459.39039970798
2022-04-13,140646.97600000002,28319.40500000001,57172.952000000136,44595.85000000025,79019.89414126666
2022-04-14,139428.10300000003,28055.01900000001,56638.503000000135,44178.996000000254,77203.86931921884
2022-04-18,138033.45000000004,27764.384000000013,56638.503000000135,44178.996000000254,77331.62985946341
2022-04-19,136652.65500000006,27473.764000000014,56638.503000000135,44178.996000000254,78967.42106223764
2022-04-20,141919.86600000007,28529.309000000016,58811.38100000014,45873.01700000026,77808.45044716189
2022-04-21,140502.21300000008,28237.57800000002,58811.38100000014,45873.01700000026,76250.22814382188
2022-04-22,139095.80800000008,27938.37600000002,58187.51300000014,45387.07900000026,74237.99963496988
2022-04-25,137703.57100000005,27639.972000000012,58187.51300000014,45387.07900000026,75200.76656324147
2022-04-26,144324.42700000003,28962.94300000001,58187.51300000014,45387.07900000026,72301.05858733346
2022-04-27,142880.94000000003,28666.73400000001,57588.702000000136,44920.39000000026,72259.9926993977
2022-04-28,141991.66500000004,28467.01800000001,57588.702000000136,44920.39000000026,74817.48494250776
2022-04-29,140573.41600000003,28176.47200000001,57588.702000000136,44462.64300000026,71463.77076108778
2022-05-02,139168.19500000004,27885.806000000008,56993.36200000014,44002.13000000026,72654.68151122467
2022-05-03,138239.476,27678.956,56570.206000000115,43675.30700000024,72757.34623106408
2022-05-04,136856.59699999995,27384.90799999999,55968.837000000094,43211.77300000023,75228.1438218653
2022-05-05,150540.40699999995,30116.90999999999,61547.631000000096,47516.39800000023,71497.99233436759
2022-05-06,149035.47499999995,29810.135999999988,61547.631000000096,47516.39800000023,70587.69848512502
2022-05-09,147544.5919999999,29498.68199999998,60903.427000000076,47516.39800000023,67802.06242014967
2022-05-10,150278.65999999986,30040.811999999976,60903.427000000076,47516.39800000023,68630.22449352071
2022-05-11,148777.26599999986,29736.749999999975,60283.37900000007,47033.47600000022,66579.21153495164
2022-05-12,147290.24999999985,29434.538999999975,59672.315000000075,46555.25200000022,66446.88811826975
2022-05-13,145818.0479999999,29130.97499999998,59055.93200000009,46555.25200000022,68876.61982113523
2022-05-16,144358.88899999985,28827.71599999997,59055.93200000009,46070.618000000206,68112.33801788648
2022-05-17,142914.52599999984,28524.91199999997,58435.43200000009,45586.6280000002,69869.04544624932
2022-05-18,141776.23199999979,28275.053999999964,57923.81800000007,45187.38400000019,66410.3851067713
2022-05-19,140357.72999999978,27980.288999999964,57317.83600000007,44715.760000000184,66070.45081219202
2022-05-20,144718.71399999975,28843.350999999955,59087.50900000005,46097.45100000017,65828.6183610148
2022-05-23,143897.9469999997,28655.892999999945,58703.64400000003,45797.89500000015,66946.52308815478
2022-05-24,144239.7009999997,28719.472999999947,58833.98300000003,45899.62300000015,65534.31283080854
2022-05-25,147650.23299999972,29395.807999999946,58833.98300000003,45899.62300000015,66471.98393867494
2022-05-26,152861.70299999972,30428.062999999944,58833.98300000003,45899.62300000015,68285.72732250411
2022-05-27,160968.23799999975,32032.29199999995,61939.67900000004,48320.23900000016,70548.91403540793
2022-05-31,159359.86199999973,31706.42999999995,61939.67900000004,48320.23900000016,70339.02171929185
2022-06-01,157765.77599999975,31375.60199999995,61939.67900000004,47816.742000000166,69807.44661434568
2022-06-02,166911.0029999998,33185.74899999996,61939.67900000004,47816.742000000166,71732.98047088886
2022-06-03,165242.2129999998,32842.092999999964,61939.67900000004,47816.742000000166,69834.82387296953
2022-06-06,163588.28299999976,32495.228999999952,61285.88600000001,47816.742000000166,70097.18926811463
2022-06-07,169069.70399999974,33577.55499999994,63327.8,49412.336000000156,70713.17758715095
2022-06-08,167797.89499999976,33299.360999999946,63327.8,49412.336000000156,70199.853987954
2022-06-09,166120.15999999974,32954.75599999994,63327.8,49412.336000000156,68272.0386931922
2022-06-10,168440.74699999974,33410.55899999994,63327.8,49412.336000000156,65860.55849607593
2022-06-13,166756.63499999975,33064.786999999946,63327.8,49412.336000000156,62851.34148567257
2022-06-14,165088.44599999976,32718.011999999948,62663.25300000001,48894.06500000016,62992.79065522906
2022-06-15,163435.3709999998,32363.35199999996,62663.25300000001,48363.61700000017,64537.324329257164
2022-06-16,166398.33099999983,32946.12599999996,63792.02400000002,49234.94900000018,61972.98777149115
2022-06-17,164734.29099999982,32607.319999999956,63792.02400000002,49234.94900000018,62673.38930461762
2022-06-21,166445.07399999985,32939.85999999996,63792.02400000002,49234.94900000018,64151.7612703048
2022-06-22,168168.64199999988,33274.956999999966,64442.91200000003,49736.905000000195,64030.845044716196
2022-06-23,166486.42499999993,32928.65499999998,63770.342000000055,49217.452000000216,64998.17484942507
2022-06-24,172565.31099999993,34123.890999999974,63770.342000000055,49217.452000000216,67300.146012046
2022-06-27,173750.3009999999,34354.75099999997,63770.342000000055,49217.452000000216,66727.50501916408
2022-06-28,172014.43499999985,34004.25799999996,63770.342000000055,49217.452000000216,64671.9291841577
2022-06-29,170295.30599999987,33656.21599999996,63118.37600000006,48714.99700000022,64763.186712903815
2022-06-30,168592.25499999986,33307.70099999996,63118.37600000006,48714.99700000022,63935.02463953276
2022-07-01,166906.32799999986,32962.75399999996,62465.25300000006,48210.70900000022,64366.21646285819
2022-07-05,165236.35899999982,32617.041999999947,61809.417000000045,47704.851000000206,65481.839751779524
2022-07-06,163582.3799999998,32271.262999999944,61809.417000000045,47704.851000000206,65876.5285636065
2022-07-07,166825.53099999978,32906.39199999994,63027.04000000004,47704.851000000206,67288.73882095273
2022-07-08,165156.42399999974,32561.802999999934,63027.04000000004,47704.851000000206,67389.12210257347
2022-07-11,169046.8819999997,33321.85899999993,64501.088000000025,48819.024000000194,65929.00164263551
2022-07-12,167764.70499999967,33042.02099999993,63958.52000000002,48408.43200000019,65292.48037963132
2022-07-13,172902.93999999968,34047.97199999993,65907.28700000003,49881.5820000002,65164.71983938675
2022-07-14,171174.3249999997,33699.01199999993,65907.28700000003,49369.047000000195,65408.83372878263
2022-07-15,169460.98599999966,33336.53099999992,65198.684000000016,48837.81000000019,66595.1816024822
2022-07-18,167765.92599999972,32986.103999999934,65198.684000000016,48837.81000000019,66027.10348603761
2022-07-19,166087.45799999975,32636.983999999942,65198.684000000016,48837.81000000019,68039.33199488958
2022-07-20,173139.18599999975,34014.24799999994,65198.684000000016,50899.60700000019,69132.14090162439
2022-07-21,171407.06399999975,33662.519999999946,64523.97500000002,50372.015000000196,70138.25515605038
2022-07-22,170105.62399999966,33381.12099999993,63983.61199999999,49950.23700000017,68899.43420332177
2022-07-25,173258.96999999962,33990.638999999916,65153.003999999964,50863.135000000155,68525.27833546267
2022-07-26,176917.74999999962,34702.619999999915,66517.38599999997,50863.135000000155,67154.1339660522
2022-07-27,175146.6729999996,34331.45699999991,65805.45299999996,50318.824000000146,69980.83591896332
2022-07-28,173797.41999999966,34040.45999999992,65247.54599999999,49892.41900000016,70669.83026099653
2022-07-29,172058.2589999996,33682.003999999906,64560.90899999997,49368.05600000015,71967.96860741012
2022-08-01,170606.7029999997,33371.97399999992,63966.805,48913.82600000017,71920.0584048184
2022-08-02,168899.7809999997,33023.73999999992,63297.757,48402.44300000017,71705.603212265
2022-08-03,176525.61899999966,34507.753999999906,63297.757,48402.44300000017,73651.67001277606
2022-08-04,174759.1899999996,34139.74499999989,63297.757,48402.44300000017,73991.60430735536
2022-08-05,173010.68099999955,33786.43099999989,62640.658999999985,48402.44300000017,73416.68187625479
2022-08-08,171279.99599999958,33438.62899999989,61994.740999999995,48402.44300000017,73165.72367220296
2022-08-09,171631.87799999956,33503.066999999886,62114.36599999999,48495.910000000156,72330.71728417596
2022-08-10,169915.38599999956,33153.90299999988,62114.36599999999,48495.910000000156,74356.63442233985
2022-08-11,168214.9729999996,32804.75699999989,62114.36599999999,48495.910000000156,73936.84979010769
2022-08-12,166767.40799999962,32498.834999999894,62114.36599999999,48495.910000000156,75410.65887935755
2022-08-15,168954.56599999964,32920.8719999999,62921.018,49125.84700000016,75994.70706333274
2022-08-16,167935.03099999964,32698.715999999902,62495.78,48794.29600000016,75814.47344405914
2022-08-17,167524.78999999966,32595.098999999907,62495.78,48794.29600000016,74940.68260631502
2022-08-18,165849.24199999962,32254.4849999999,61841.37199999998,48283.37500000015,75132.32341668187
2022-08-19,172457.70799999963,33529.9399999999,61841.37199999998,50194.94300000015,73660.79576565066
2022-08-22,176266.65199999962,34265.5279999999,61841.37199999998,50194.94300000015,71744.38766198212
2022-08-23,174502.6719999996,33901.881999999896,61841.37199999998,49662.08600000015,71659.97444789196
2022-08-24,172757.1539999996,33545.714999999895,61191.087999999974,49140.86600000015,71867.58532578938
2022-08-25,171028.5369999996,33189.358999999895,60540.43799999997,48618.34400000015,73126.93922248585
2022-08-26,169316.8579999996,32836.00599999989,60540.43799999997,48618.34400000015,70135.97371783172
2022-08-29,167623.2149999996,32500.60699999989,60540.43799999997,48618.34400000015,69449.26081401717
2022-08-30,180761.0249999996,35035.70299999989,65269.826999999976,52415.00900000015,68671.29038145648
2022-08-31,178952.8039999996,34671.989999999896,64592.96199999998,51871.88600000015,68274.32013141084
2022-09-01,177162.0669999997,34304.13999999991,63907.71000000001,51322.21300000018,68313.10458112795
2022-09-02,175390.68699999966,33952.158999999905,63252.69899999999,50795.40700000017,67350.33765285635
2022-09-06,177693.00099999964,34391.7279999999,64074.15599999999,51453.76600000016,66859.82843584596
2022-09-07,175914.67099999968,34029.162999999906,64074.15599999999,50910.49400000017,68203.5955466326
2022-09-08,174154.84699999966,33670.836999999905,63398.48899999998,50374.17600000017,68559.49990874247
2022-09-09,178365.44299999965,34478.145999999906,63398.48899999998,50374.17600000017,70046.99762730424
2022-09-12,176580.53699999955,34110.21499999989,63398.48899999998,50374.17600000017,70897.97408286184
2022-09-13,175268.91899999953,33830.143999999884,63398.48899999998,50374.17600000017,66987.58897609053
2022-09-14,173516.65199999954,33482.19999999989,63398.48899999998,50374.17600000017,67546.54133966053
2022-09-15,171779.86199999944,33123.12699999987,63398.48899999998,50374.17600000017,66394.41503924073
2022-09-16,170061.04199999952,32773.37499999988,62728.131000000016,50374.17600000017,65983.7561598832
2022-09-19,174093.38899999953,33544.876999999884,62728.131000000016,50374.17600000017,66412.66654498997
2022-09-20,172380.5899999996,33187.13299999989,62728.131000000016,50374.17600000017,65862.83993429458
2022-09-21,170654.76199999955,32831.842999999884,62056.724,49834.864000000154,64660.52199306443
2022-09-22,169419.16399999958,32566.32799999989,62056.724,49834.864000000154,63891.67731337836
2022-09-23,167723.60299999957,32220.034999999883,62056.724,49834.864000000154,62858.18580032853
2022-09-26,166045.75099999958,31888.123999999883,62056.724,49834.864000000154,62547.910202591724
2022-09-27,164384.7509999996,31557.69199999989,62056.724,49318.564000000166,62632.323416681866
2022-09-28,162739.97699999964,31228.966999999895,61409.50100000001,48804.292000000176,63850.6114254426
2022-09-29,170894.8929999996,32785.06099999989,64469.35400000001,51236.12500000017,62064.24530023728
2022-09-30,169185.2559999996,32443.05199999989,64469.35400000001,51236.12500000017,60955.466325971895
2022-10-03,167491.91799999963,32101.7179999999,63789.00800000002,50696.260000000184,62406.46103303524
2022-10-04,170935.7079999997,32754.36999999991,65087.95500000005,51728.21300000021,64375.3422157328
2022-10-05,169225.84899999967,32410.963999999905,65087.95500000005,51728.21300000021,64331.99488957839
2022-10-06,167533.70799999966,32074.2649999999,64412.94600000005,51191.750000000204,63834.64135791203
2022-10-07,166433.2679999997,31835.627999999906,63933.628000000055,50811.05500000021,61375.25095820405
2022-10-10,168683.42899999965,32261.535999999902,64789.46200000004,51490.097000000205,60725.041065887934
2022-10-11,166995.3349999997,31922.09799999991,64108.14400000006,50949.19400000022,59976.72933016974
2022-10-12,165324.08399999965,31584.9789999999,64108.14400000006,50410.24000000021,59940.22631867129
2022-10-13,181854.74099999963,34732.1019999999,70508.62200000005,55442.9810000002,61313.65212630042
2022-10-14,190290.24299999964,36336.676999999894,73772.78600000005,58010.3010000002,59463.40573097281
2022-10-17,193671.04099999962,36974.88999999989,75068.34100000004,59027.6160000002,61482.478554480746
2022-10-18,199906.72299999956,38159.007999999885,75068.34100000004,59027.6160000002,61982.11352436576
2022-10-19,197907.96699999954,37764.74499999988,74292.77200000004,58418.63700000019,61733.436758532574
2022-10-20,195927.41799999945,37365.261999999864,74292.77200000004,58418.63700000019,61375.25095820405
2022-10-21,193967.11699999942,36975.825999999855,74292.77200000004,58418.63700000019,62846.77860923527
2022-10-24,192026.29999999944,36588.50499999986,73515.46800000005,57807.7080000002,63547.18014236175
2022-10-25,199722.6309999994,38047.11799999986,73515.46800000005,57807.7080000002,64852.16280343128
2022-10-26,198603.2789999995,37826.898999999874,73515.46800000005,57807.7080000002,63403.449534586616
2022-10-27,196615.34299999944,37421.50399999986,73515.46800000005,57807.7080000002,62242.197481292205
2022-10-28,204164.70299999943,38847.58699999986,76324.20000000004,60015.6030000002,64156.324146742096
2022-10-31,206437.97699999934,39270.84099999985,77156.47300000001,60669.46400000018,63405.73097280526
2022-11-01,204881.08499999926,38941.65399999983,77156.47300000001,60160.61300000016,62748.67676583319
2022-11-02,202830.97699999923,38535.00299999982,76348.575,59531.04700000015,60608.68771673664
2022-11-03,201440.0929999991,38235.5569999998,76348.575,59068.59200000011,59431.465595911664
2022-11-04,199427.1139999991,37844.165999999794,76348.575,59068.59200000011,60385.10677130863
2022-11-07,197432.2999999991,37450.54199999979,76348.575,59068.59200000011,61046.72385471802
2022-11-08,195456.061999999,37051.12199999977,75533.56799999996,58438.079000000085,61493.88574557402
2022-11-09,193499.88799999902,36653.73599999978,74722.75799999997,57810.8150000001,60063.423982478555
2022-11-10,191563.48399999907,36271.26299999979,74722.75799999997,57810.8150000001,64487.13268844681
2022-11-11,189646.82599999907,35893.47899999979,74722.75799999997,57810.8150000001,65698.57638255158
2022-11-14,187748.75499999913,35513.8109999998,73931.783,57198.76400000011,65107.68388392042
2022-11-15,187669.0849999992,35469.58499999981,73931.783,57198.76400000011,66029.38492425626
2022-11-16,185790.8489999992,35092.20799999981,73931.783,57198.76400000011,65112.246760357724
2022-11-17,192119.34199999925,36279.38099999982,73931.783,57198.76400000011,64979.92334367585
2022-11-18,193741.1179999993,36580.77299999983,73931.783,57198.76400000011,64970.79759080123
2022-11-21,191803.4599999993,36198.26399999983,73158.53899999999,56601.00800000011,64297.7733162986
2022-11-22,189883.60399999938,35811.08899999984,72375.07900000001,55995.19300000013,65230.88154772769
2022-11-23,188422.90299999935,35505.58899999983,72375.07900000001,55995.19300000013,65901.62438401168
2022-11-25,186537.0869999993,35125.70199999982,72375.07900000001,55395.755000000114,65443.05530206243
2022-11-28,184670.5139999993,34758.355999999825,71618.29100000001,54817.11600000012,64480.28837379084
2022-11-29,184093.48299999922,34620.38499999981,71333.91899999998,54599.341000000095,64003.46778609236
2022-11-30,182250.97599999927,34256.52699999982,71333.91899999998,54599.341000000095,66941.96021171747
2022-12-01,180427.10899999927,33896.32199999982,71333.91899999998,54599.341000000095,67010.40335827706
2022-12-02,178621.5909999993,33543.728999999825,70589.55599999998,54030.5490000001,66757.16371600657
2022-12-05,176833.13999999923,33182.90499999982,70589.55599999998,54030.5490000001,65595.91166271217
2022-12-06,187193.32399999915,35115.219999999805,74705.13599999995,57182.48100000008,64272.67749589342
2022-12-07,185321.46499999915,34750.4769999998,74705.13599999995,57182.48100000008,63980.653403905824
2022-12-08,183467.8929999991,34387.849999999795,73924.85299999994,56585.62800000007,64767.749589341125
2022-12-09,181933.65699999916,34071.4639999998,73924.85299999994,56585.62800000007,64357.09070998357
2022-12-12,181312.59999999913,33926.3819999998,73924.85299999994,56585.62800000007,65162.438401168096
2022-12-13,179499.7629999991,33578.85499999979,73165.28799999993,56002.94800000006,65867.40281073187
2022-12-14,177703.98199999912,33229.16399999979,73165.28799999993,56002.94800000006,65344.95345866034
2022-12-15,182035.9389999991,34033.076999999794,74940.77499999992,56002.94800000006,63177.58715093995
2022-12-16,180214.0629999991,33669.28199999979,74138.58399999992,55403.37700000005,62561.59883190364
2022-12-19,183199.24099999917,34222.4149999998,74138.58399999992,55403.37700000005,61562.32889213359
2022-12-20,181695.56199999913,33911.415999999794,74138.58399999992,55403.37700000005,61500.73006022997
2022-12-21,179876.93499999918,33552.48999999981,73354.67199999995,54817.64500000007,62397.335280160616
2022-12-22,182247.4509999992,33989.09099999981,74311.43399999995,54817.64500000007,60871.05311188173
2022-12-23,180424.12299999915,33636.2189999998,73538.76599999993,54247.270000000055,61017.06515787553
2022-12-27,185178.9409999991,34514.069999999796,75460.9979999999,55665.15400000004,60125.022814382195
2022-12-28,183327.9129999991,34163.0259999998,75460.9979999999,55665.15400000004,59321.956561416315
2022-12-29,189625.70399999912,35327.07099999981,75460.9979999999,55665.15400000004,60802.60996532214
2022-12-30,187728.74799999915,34958.34399999981,75460.9979999999,55665.15400000004,60759.26263916773
2023-01-03,185909.20299999905,34588.62399999979,74662.54499999987,55075.73500000001,60334.91513049826
2023-01-04,184049.5049999991,34228.2289999998,74662.54499999987,55075.73500000001,60631.50209892316
2023-01-05,182208.23699999915,33869.54899999981,74662.54499999987,55075.73500000001,59682.42379996351
2023-01-06,180385.4099999992,33520.15499999982,73889.91599999988,54506.61900000002,61315.93356451907
2023-01-09,179106.43099999914,33252.90099999981,73889.91599999988,54506.61900000002,61722.02956743932
2023-01-10,177315.71499999915,32912.28799999981,73889.91599999988,54506.61900000002,62267.29330169739
2023-01-11,175540.7109999991,32558.271999999804,73889.91599999988,54506.61900000002,63328.16207337105
2023-01-12,173786.08799999912,32222.94099999981,73889.91599999988,54506.61900000002,63658.970615075734
2023-01-13,172046.4929999991,31877.15399999981,73095.56399999988,53921.30700000002,64094.72531483848
2023-01-17,170376.6809999991,31540.739999999805,73095.56399999988,53921.30700000002,64211.07866398978
2023-01-18,168955.32599999904,31251.04499999979,72424.38299999986,53921.30700000002,63394.323781711995
2023-01-19,167264.07499999908,30915.8729999998,71647.72099999987,53343.76600000004,62760.083956926435
2023-01-20,165589.52799999903,30583.13199999979,71647.72099999987,52769.34100000003,64514.50994707063
2023-01-23,164324.6699999991,30324.100999999806,71647.72099999987,52769.34100000003,65933.56451907282
2023-01-24,162679.35599999904,29997.51799999979,70874.89099999984,52200.106,65798.9596641723
2023-01-25,161275.27799999915,29713.68499999981,70203.21999999988,52200.106,65636.97755064793
2023-01-26,160256.0069999992,29501.637999999817,70203.21999999988,52200.106,66932.83445884286
2023-01-27,165642.32899999918,30484.41099999981,72549.30099999988,53943.94899999999,67576.20003650301
2023-01-30,163984.52899999917,30159.699999999804,72549.30099999988,53943.94899999999,66193.64847599927
2023-01-31,167770.99499999918,30850.776999999805,72549.30099999988,53943.94899999999,67227.1399890491
2023-02-01,166092.2019999992,30525.59199999981,71783.68999999989,53374.590000000004,68689.54188720569
2023-02-02,164473.7969999992,30204.435999999812,71028.64899999989,52813.378000000004,71126.11790472714
2023-02-03,164472.7949999992,30200.57199999981,71028.64899999989,52806.616,69853.07537871874
2023-02-06,162827.27699999916,29885.918999999805,70286.46299999987,52254.91499999999,69264.46431830627
2023-02-07,162288.63099999915,29763.695999999803,70286.46299999987,52254.91499999999,70710.89614893228
2023-02-08,161108.28699999914,29524.610999999804,69720.73199999987,51834.49799999999,69442.41649936119
2023-02-09,173423.89199999915,31772.823999999804,69720.73199999987,51834.49799999999,68817.30242745027
2023-02-10,171688.50299999912,31435.539999999797,69720.73199999987,51834.49799999999,68383.8291659062
2023-02-13,169970.23699999912,31101.2059999998,68978.99099999988,51282.94699999999,69490.3267019529
2023-02-14,168268.64099999913,30765.4169999998,68978.99099999988,50729.593,69973.99160430735
2023-02-15,166584.9269999991,30438.589999999793,68245.94999999985,50191.410999999986,70553.47691184522
2023-02-16,165293.59199999901,30178.84099999978,68245.94999999985,50191.410999999986,69191.45829530935
2023-02-17,163639.44299999898,29859.550999999774,68245.94999999985,50191.410999999986,68705.51195473626
